"Date","Price","Open","High","Low","Vol.","Change %"
"May 27, 2022","29.80","30.00","30.90","29.50","742.08K","-0.67%"
"May 26, 2022","30.00","30.90","30.90","30.00","317.26K","-1.32%"
"May 25, 2022","30.40","31.00","31.00","29.90","196.46K","1.33%"
"May 24, 2022","30.00","31.60","31.90","30.00","318.97K","-6.25%"
"May 23, 2022","32.00","33.00","33.00","31.00","94.61K","-0.62%"
"May 20, 2022","32.20","33.00","33.00","31.00","334.15K","0.63%"
"May 19, 2022","32.00","34.00","34.00","31.60","200.57K","-6.98%"
"May 18, 2022","34.40","35.40","35.50","32.70","396.48K","-2.27%"
"May 17, 2022","35.20","34.00","35.50","34.00","486.20K","5.39%"
"May 13, 2022","33.40","31.20","34.00","31.20","664.09K","7.74%"
"May 12, 2022","31.00","27.60","31.00","27.60","461.96K","10.71%"
"May 09, 2022","28.00","27.50","29.00","27.00","185.65K","2.56%"
"May 06, 2022","27.30","27.20","27.60","26.60","175.53K","-1.09%"
"May 05, 2022","27.60","29.00","29.00","27.20","217.11K","-4.83%"
"May 04, 2022","29.00","30.30","30.30","28.00","120.56K","0.00%"
"Apr 29, 2022","29.00","33.00","33.00","28.60","337.19K","-4.29%"
"Apr 28, 2022","30.30","27.00","32.40","26.40","901.19K","8.60%"
"Apr 27, 2022","27.90","21.00","29.00","21.00","1.41M","24.00%"
"Apr 26, 2022","22.50","25.00","25.00","22.50","147.95K","-13.46%"
"Apr 25, 2022","26.00","26.10","27.00","26.00","103.91K","-13.33%"
"Apr 08, 2022","30.00","30.00","31.40","28.00","344.45K","-2.60%"
"Apr 07, 2022","30.80","32.40","32.40","30.00","265.96K","-4.64%"
"Apr 06, 2022","32.30","33.00","34.00","32.00","132.89K","-2.12%"
"Apr 05, 2022","33.00","32.10","33.40","31.00","317.09K","0.30%"
"Apr 04, 2022","32.90","31.00","35.00","28.00","534.29K","5.79%"
"Apr 01, 2022","31.10","31.10","32.50","31.10","87.62K","-8.26%"
"Mar 31, 2022","33.90","34.90","35.00","30.60","279.79K","-2.87%"
"Mar 30, 2022","34.90","37.10","37.10","32.00","848.54K","-6.43%"
"Mar 29, 2022","37.30","39.80","39.80","37.10","466.13K","-6.28%"
"Mar 28, 2022","39.80","40.00","40.00","39.00","151.26K","0.76%"
"Mar 25, 2022","39.50","40.50","41.40","39.50","223.81K","-1.74%"
"Mar 24, 2022","40.20","41.10","41.10","39.10","103.48K","-1.95%"
"Mar 23, 2022","41.00","42.00","42.00","40.50","129.78K","-1.91%"
"Mar 22, 2022","41.80","41.50","42.20","41.30","182.96K","0.72%"
"Mar 21, 2022","41.50","42.00","42.50","41.00","420.41K","-1.19%"
"Mar 18, 2022","42.00","41.90","42.80","40.80","246.92K","1.45%"
"Mar 16, 2022","41.40","41.20","41.90","39.00","436.08K","0.49%"
"Mar 15, 2022","41.20","42.00","43.40","40.50","577.81K","-1.67%"
"Mar 14, 2022","41.90","40.00","43.80","39.70","1.91M","5.81%"
"Mar 11, 2022","39.60","39.50","41.00","39.20","638.97K","2.33%"
"Mar 10, 2022","38.70","35.70","38.70","35.60","402.15K","8.71%"
"Mar 09, 2022","35.60","37.20","38.00","35.50","222.26K","-4.81%"
"Mar 08, 2022","37.40","39.00","39.70","36.00","495.27K","0.54%"
"Mar 07, 2022","37.20","38.70","38.70","37.00","273.01K","-2.36%"
"Mar 04, 2022","38.10","38.00","38.50","37.70","160.95K","-0.26%"
"Mar 03, 2022","38.20","39.00","39.20","38.00","305.94K","-2.05%"
"Mar 02, 2022","39.00","40.80","40.80","38.80","314.57K","-1.76%"
"Feb 28, 2022","39.70","38.00","39.90","38.00","325.26K","3.93%"
"Feb 25, 2022","38.20","36.00","39.90","35.90","840.77K","4.66%"
"Feb 24, 2022","36.50","38.50","39.00","36.00","551.68K","-6.41%"
"Feb 23, 2022","39.00","40.50","40.50","37.50","820.02K","-3.70%"
"Feb 22, 2022","40.50","40.10","41.40","39.90","517.81K","0.50%"
"Feb 21, 2022","40.30","40.40","40.80","39.60","1.25M","-0.49%"
"Feb 18, 2022","40.50","41.50","41.50","40.20","383.11K","-2.17%"
"Feb 17, 2022","41.40","41.40","41.80","40.30","610.82K","-0.24%"
"Feb 15, 2022","41.50","42.00","42.00","41.10","398.01K","-0.48%"
"Feb 14, 2022","41.70","42.20","42.60","41.30","542.10K","-0.71%"
"Feb 11, 2022","42.00","43.00","43.00","40.90","2.39M","-6.25%"
"Feb 10, 2022","44.80","44.00","45.40","43.10","491.93K","-0.67%"
"Feb 09, 2022","45.10","45.80","46.00","43.90","749.93K","-1.53%"
"Feb 08, 2022","45.80","47.00","47.00","45.50","397.07K","-2.14%"
"Feb 07, 2022","46.80","47.10","47.90","46.60","283.85K","-1.27%"
"Feb 03, 2022","47.40","46.00","47.60","45.90","384.32K","2.16%"
"Feb 02, 2022","46.40","47.80","48.00","45.60","895.86K","-3.13%"
"Feb 01, 2022","47.90","48.50","48.50","47.60","382.17K","-0.21%"
"Jan 31, 2022","48.00","48.70","49.00","47.90","345.06K","0.00%"
"Jan 28, 2022","48.00","49.00","49.00","47.60","563.19K","-1.84%"
"Jan 27, 2022","48.90","49.40","49.90","48.30","564.02K","0.20%"
"Jan 26, 2022","48.80","49.50","49.70","48.10","460.53K","-0.41%"
"Jan 25, 2022","49.00","49.90","49.90","48.80","751.19K","-1.61%"
"Jan 24, 2022","49.80","49.50","49.90","49.10","774.17K","1.63%"
"Jan 21, 2022","49.00","49.10","49.60","49.00","571.07K","-0.20%"
"Jan 20, 2022","49.10","49.50","49.90","49.00","1.23M","-1.21%"
"Jan 19, 2022","49.70","49.80","49.80","49.30","432.14K","-0.20%"
"Jan 18, 2022","49.80","49.50","49.90","49.00","938.70K","0.61%"
"Jan 13, 2022","49.50","49.60","49.80","49.00","640.93K","-1.00%"
"Jan 12, 2022","50.00","50.00","50.20","49.40","755.10K","0.00%"
"Jan 11, 2022","50.00","50.60","51.00","49.60","1.00M","0.00%"
"Jan 10, 2022","50.00","52.00","52.00","49.70","1.64M","-3.66%"
"Jan 07, 2022","51.90","51.00","52.40","50.50","1.74M","2.77%"
"Jan 06, 2022","50.50","51.00","51.50","49.50","978.91K","-0.98%"
"Jan 05, 2022","51.00","52.50","53.00","51.00","1.20M","-2.49%"
"Jan 04, 2022","52.30","50.50","52.40","49.80","2.71M","3.98%"
"Jan 03, 2022","50.30","51.00","51.50","49.90","703.19K","-1.37%"
"Dec 31, 2021","51.00","51.10","51.90","50.50","1.17M","0.39%"
"Dec 30, 2021","50.80","51.00","51.10","50.70","668.67K","-0.39%"
"Dec 29, 2021","51.00","52.00","52.00","50.50","503.57K","-0.97%"
"Dec 28, 2021","51.50","52.00","52.00","51.00","312.62K","-0.77%"
"Dec 27, 2021","51.90","53.00","53.10","51.70","642.10K","-0.38%"
"Dec 24, 2021","52.10","52.00","52.50","51.90","173.08K","3.17%"
"Dec 22, 2021","50.50","50.70","51.40","50.00","391.96K","-0.39%"
"Dec 21, 2021","50.70","50.40","50.70","49.40","777.41K","0.40%"
"Dec 20, 2021","50.50","51.90","52.00","50.40","438.22K","-2.70%"
"Dec 17, 2021","51.90","53.00","53.00","51.70","835.01K","-1.89%"
"Dec 16, 2021","52.90","52.70","53.40","52.50","1.33M","1.15%"
"Dec 15, 2021","52.30","51.40","53.30","50.00","1.33M","1.95%"
"Dec 14, 2021","51.30","51.20","52.00","51.00","821.31K","-0.39%"
"Dec 13, 2021","51.50","51.60","52.50","51.10","685.95K","-0.19%"
"Dec 10, 2021","51.60","52.00","53.50","51.10","662.40K","-0.39%"
"Dec 09, 2021","51.80","50.70","53.50","50.10","1.11M","2.57%"
"Dec 08, 2021","50.50","50.60","50.70","50.00","784.84K","-0.20%"
"Dec 07, 2021","50.60","50.20","51.90","50.00","924.48K","0.60%"
"Dec 06, 2021","50.30","51.30","51.30","49.50","620.44K","-0.59%"
"Dec 03, 2021","50.60","51.50","51.50","50.00","828.36K","-1.17%"
"Dec 02, 2021","51.20","52.30","52.50","51.00","747.48K","-1.35%"
"Dec 01, 2021","51.90","52.80","53.50","51.10","1.23M","-1.70%"
"Nov 30, 2021","52.80","54.90","56.00","51.50","3.06M","-3.12%"
"Nov 29, 2021","54.50","50.00","54.50","50.00","4.70M","11.68%"
"Nov 26, 2021","48.80","48.00","49.40","47.80","1.13M","1.88%"
"Nov 25, 2021","47.90","47.20","48.50","46.80","1.10M","1.48%"
"Nov 24, 2021","47.20","48.70","48.70","46.90","1.15M","-1.67%"
"Nov 23, 2021","48.00","49.40","49.40","47.90","1.11M","-2.64%"
"Nov 22, 2021","49.30","49.70","50.20","49.20","517.41K","-0.80%"
"Nov 19, 2021","49.70","49.10","51.40","48.70","1.90M","1.84%"
"Nov 17, 2021","48.80","47.90","49.30","46.60","1.28M","2.95%"
"Nov 16, 2021","47.40","48.30","48.30","46.30","934.14K","-2.07%"
"Nov 15, 2021","48.40","47.70","49.50","47.50","752.40K","-1.22%"
"Nov 12, 2021","49.00","48.90","49.50","47.70","930.41K","0.20%"
"Nov 11, 2021","48.90","49.00","49.50","48.50","1.10M","0.82%"
"Nov 10, 2021","48.50","49.00","49.00","46.50","2.48M","-2.41%"
"Nov 09, 2021","49.70","51.00","51.10","49.20","2.36M","-3.12%"
"Nov 08, 2021","51.30","52.00","52.40","51.00","1.23M","-1.54%"
"Nov 05, 2021","52.10","52.50","52.50","51.60","997.17K","-0.57%"
"Nov 03, 2021","52.40","52.70","53.40","52.20","1.02M","-2.06%"
"Nov 02, 2021","53.50","52.90","53.50","52.30","847.33K","0.94%"
"Nov 01, 2021","53.00","54.50","54.50","52.80","671.71K","-2.03%"
"Oct 29, 2021","54.10","53.70","54.50","53.00","968.31K","0.74%"
"Oct 28, 2021","53.70","54.30","54.40","53.50","441.74K","-1.47%"
"Oct 27, 2021","54.50","53.90","54.70","52.90","1.70M","1.49%"
"Oct 26, 2021","53.70","53.00","54.00","52.10","5.32M","0.94%"
"Oct 25, 2021","53.20","54.00","54.00","52.70","2.83M","-1.85%"
"Oct 22, 2021","54.20","53.00","54.70","53.00","1.21M","2.26%"
"Oct 21, 2021","53.00","54.50","54.50","52.80","1.96M","-2.75%"
"Oct 18, 2021","54.50","53.70","54.50","52.90","1.29M","1.49%"
"Oct 15, 2021","53.70","54.30","54.30","53.00","852.13K","-0.56%"
"Oct 14, 2021","54.00","54.00","54.20","53.80","499.63K","0.75%"
"Oct 13, 2021","53.60","54.00","54.00","53.00","1.39M","-0.74%"
"Oct 12, 2021","54.00","54.70","54.70","53.90","985.98K","-1.46%"
"Oct 11, 2021","54.80","54.50","55.50","54.20","295.52K","-1.26%"
"Oct 08, 2021","55.50","54.60","55.50","54.10","1.05M","0.54%"
"Oct 07, 2021","55.20","55.80","55.90","54.80","809.39K","-1.08%"
"Oct 06, 2021","55.80","54.70","56.00","52.80","2.43M","2.76%"
"Oct 05, 2021","54.30","55.90","55.90","53.90","3.68M","-2.51%"
"Oct 04, 2021","55.70","56.60","56.70","55.10","3.41M","-1.76%"
"Oct 01, 2021","56.70","58.60","58.60","56.40","3.39M","-3.74%"
"Sep 30, 2021","58.90","59.90","59.90","58.10","1.17M","1.20%"
"Sep 29, 2021","58.20","59.50","59.50","58.20","1.01M","-0.34%"
"Sep 28, 2021","58.40","59.00","60.00","58.00","1.66M","0.00%"
"Sep 27, 2021","58.40","57.60","59.00","57.60","1.59M","1.57%"
"Sep 24, 2021","57.50","57.00","57.90","56.80","688.99K","1.05%"
"Sep 23, 2021","56.90","56.70","57.30","56.70","491.64K","0.35%"
"Sep 22, 2021","56.70","56.50","57.60","56.40","663.02K","0.18%"
"Sep 21, 2021","56.60","58.00","58.00","56.50","592.29K","-1.74%"
"Sep 17, 2021","57.60","58.00","58.80","56.60","618.07K","0.17%"
"Sep 16, 2021","57.50","60.00","60.00","57.50","816.54K","-3.04%"
"Sep 15, 2021","59.30","57.40","60.80","56.60","1.77M","4.59%"
"Sep 14, 2021","56.70","56.00","57.80","55.50","968.73K","1.25%"
"Sep 13, 2021","56.00","58.20","58.20","54.90","2.09M","-4.76%"
"Sep 10, 2021","58.80","61.60","61.60","57.50","1.98M","-3.61%"
"Sep 09, 2021","61.00","59.90","61.50","57.50","2.24M","2.01%"
"Sep 08, 2021","59.80","60.20","63.00","56.50","5.79M","-3.55%"
"Sep 07, 2021","62.00","64.40","64.90","60.00","3.73M","-3.58%"
"Sep 06, 2021","64.30","66.50","67.00","63.00","2.61M","-3.60%"
"Sep 03, 2021","66.70","68.40","68.40","66.00","2.22M","-1.91%"
"Sep 02, 2021","68.00","69.10","69.90","67.80","4.99M","-0.44%"
"Sep 01, 2021","68.30","66.80","70.20","66.10","7.04M","3.02%"
"Aug 31, 2021","66.30","67.00","68.90","64.00","7.51M","-0.45%"
"Aug 30, 2021","66.60","70.10","72.00","66.10","18.48M","-0.60%"
"Aug 27, 2021","67.00","60.00","67.50","60.00","22.83M","13.75%"
"Aug 26, 2021","58.90","58.50","60.20","58.20","5.18M","1.55%"
"Aug 25, 2021","58.00","59.50","60.50","57.40","5.16M","-1.86%"
"Aug 24, 2021","59.10","58.10","62.00","57.60","10.13M","4.05%"
"Aug 23, 2021","56.80","55.00","58.00","54.90","5.99M","3.65%"
"Aug 20, 2021","54.80","55.60","56.60","54.50","1.92M","-2.14%"
"Aug 19, 2021","56.00","58.00","58.20","55.50","2.08M","-2.95%"
"Aug 18, 2021","57.70","55.00","57.70","55.00","4.22M","6.07%"
"Aug 17, 2021","54.40","53.40","54.80","53.40","859.43K","1.68%"
"Aug 16, 2021","53.50","53.60","53.70","53.00","157.40K","-0.74%"
"Aug 13, 2021","53.90","53.80","55.00","53.20","2.35M","1.70%"
"Aug 12, 2021","53.00","54.10","54.20","52.20","2.22M","-2.57%"
"Aug 11, 2021","54.40","54.80","54.90","53.90","1.43M","-0.18%"
"Aug 10, 2021","54.50","55.00","55.70","54.00","1.88M","-0.55%"
"Aug 09, 2021","54.80","55.50","56.00","54.00","2.02M","-0.72%"
"Aug 06, 2021","55.20","53.50","56.90","53.30","4.25M","2.03%"
"Aug 05, 2021","54.10","56.50","57.30","54.00","6.79M","-5.09%"
"Aug 04, 2021","57.00","59.10","59.50","56.90","3.71M","-3.55%"
"Aug 03, 2021","59.10","58.30","59.20","58.30","4.48M","1.37%"
"Aug 02, 2021","58.30","57.30","58.40","56.90","1.68M","2.28%"
"Jul 30, 2021","57.00","58.00","58.40","56.60","1.08M","-1.72%"
"Jul 29, 2021","58.00","57.50","58.50","57.50","348.51K","-0.17%"
"Jul 28, 2021","58.10","57.40","58.20","57.00","940.33K","0.87%"
"Jul 27, 2021","57.60","58.10","58.30","56.90","2.81M","-0.86%"
"Jul 26, 2021","58.10","60.00","60.10","57.90","3.72M","-1.86%"
"Jul 22, 2021","59.20","59.50","60.60","58.90","8.56M","1.89%"
"Jul 20, 2021","58.10","56.40","59.00","56.30","6.21M","3.75%"
"Jul 19, 2021","56.00","54.50","57.00","54.00","5.35M","2.56%"
"Jul 16, 2021","54.60","55.00","55.00","54.20","1.31M","0.00%"
"Jul 15, 2021","54.60","54.20","55.10","54.00","1.96M","0.74%"
"Jul 14, 2021","54.20","54.10","54.40","53.80","1.82M","0.18%"
"Jul 13, 2021","54.10","53.50","54.20","53.40","1.81M","1.31%"
"Jul 12, 2021","53.40","52.70","53.50","52.60","976.21K","1.33%"
"Jul 09, 2021","52.70","52.50","52.90","52.40","1.28M","0.57%"
"Jul 08, 2021","52.40","52.30","52.80","52.20","222.97K","0.19%"
"Jul 07, 2021","52.30","52.00","52.90","51.90","372.67K","0.77%"
"Jul 06, 2021","51.90","53.00","53.00","51.90","1.11M","-1.70%"
"Jul 05, 2021","52.80","52.00","53.70","52.00","1.20M","2.33%"
"Jul 02, 2021","51.60","51.50","51.90","50.40","605.39K","0.78%"
"Jul 01, 2021","51.20","51.10","51.50","50.90","353.11K","0.00%"
"Jun 30, 2021","51.20","51.00","51.40","50.10","1.41M","-1.16%"
"Jun 29, 2021","51.80","51.60","52.30","51.40","698.46K","-1.15%"
"Jun 28, 2021","52.40","52.50","52.70","52.00","359.25K","0.00%"
"Jun 25, 2021","52.40","52.50","52.70","51.90","675.53K","0.19%"
"Jun 23, 2021","52.30","51.90","52.80","50.90","1.55M","1.55%"
"Jun 22, 2021","51.50","52.80","53.40","51.20","1.52M","-2.28%"
"Jun 21, 2021","52.70","54.60","54.60","52.60","1.48M","-3.48%"
"Jun 18, 2021","54.60","54.20","55.40","54.20","3.48M","0.92%"
"Jun 17, 2021","54.10","54.00","54.50","53.50","1.96M","1.12%"
"Jun 16, 2021","53.50","52.70","53.90","52.30","1.96M","2.29%"
"Jun 15, 2021","52.30","51.60","52.80","51.60","742.89K","0.77%"
"Jun 14, 2021","51.90","51.80","52.00","50.90","823.60K","1.37%"
"Jun 11, 2021","51.20","52.00","52.00","50.90","3.69M","-1.54%"
"Jun 10, 2021","52.00","53.00","53.00","51.90","1.62M","-0.95%"
"Jun 09, 2021","52.50","52.50","53.00","52.00","1.31M","-0.38%"
"Jun 08, 2021","52.70","53.00","53.00","52.00","383.55K","-0.19%"
"Jun 07, 2021","52.80","53.50","53.50","52.60","1.10M","-0.94%"
"Jun 04, 2021","53.30","54.00","54.00","52.90","1.03M","-0.56%"
"Jun 03, 2021","53.60","53.20","54.10","52.80","1.34M","0.56%"
"Jun 02, 2021","53.30","52.40","53.40","52.00","1.46M","1.91%"
"Jun 01, 2021","52.30","51.50","52.40","50.70","4.24M","0.97%"
"May 31, 2021","51.80","53.20","53.30","51.40","4.31M","-1.89%"
"May 28, 2021","52.80","53.30","53.70","52.70","1.03M","-0.38%"
"May 25, 2021","53.00","53.00","54.00","52.90","398.21K","0.95%"
"May 24, 2021","52.50","52.90","53.50","51.60","1.32M","-0.57%"
"May 21, 2021","52.80","55.00","55.00","52.00","3.28M","-2.58%"
"May 20, 2021","54.20","56.10","56.10","54.00","1.45M","-3.39%"
"May 19, 2021","56.10","57.90","58.50","55.50","3.68M","-0.71%"
"May 18, 2021","56.50","57.00","57.20","55.90","2.29M","-0.88%"
"May 17, 2021","57.00","56.00","57.50","56.00","2.93M","2.52%"
"May 13, 2021","55.60","54.20","55.80","54.10","1.18M","2.21%"
"May 12, 2021","54.40","55.30","55.40","54.30","585.80K","-0.55%"
"May 11, 2021","54.70","55.00","55.50","54.40","437.22K","0.00%"
"May 10, 2021","54.70","56.70","56.70","54.30","1.23M","-3.53%"
"May 07, 2021","56.70","55.00","57.00","55.00","1.72M","3.09%"
"May 06, 2021","55.00","55.00","55.70","54.60","846.87K","1.85%"
"May 05, 2021","54.00","53.20","54.70","53.20","567.68K","1.69%"
"May 04, 2021","53.10","57.30","57.30","52.90","1.48M","-1.67%"
"May 03, 2021","54.00","55.60","55.90","53.90","1.22M","-2.88%"
"Apr 30, 2021","55.60","54.50","56.00","54.50","445.82K","0.72%"
"Apr 29, 2021","55.20","56.90","57.20","54.10","1.89M","-1.43%"
"Apr 28, 2021","56.00","52.40","56.70","52.40","3.12M","6.67%"
"Apr 27, 2021","52.50","53.50","54.90","52.20","2.96M","-3.49%"
"Apr 23, 2021","54.40","55.00","56.20","53.30","3.12M","-2.86%"
"Apr 22, 2021","56.00","57.80","58.10","55.10","3.45M","-3.61%"
"Apr 21, 2021","58.10","55.00","58.30","54.10","3.97M","5.64%"
"Apr 20, 2021","55.00","59.90","59.90","54.70","6.87M","-7.56%"
"Apr 19, 2021","59.50","61.00","61.00","58.90","3.13M","-1.33%"
"Apr 16, 2021","60.30","61.00","61.00","57.10","4.49M","-0.50%"
"Apr 15, 2021","60.60","59.50","61.90","59.50","6.18M","3.06%"
"Apr 12, 2021","58.80","56.30","59.10","56.30","5.52M","4.81%"
"Apr 09, 2021","56.10","57.20","58.50","55.90","4.31M","-0.53%"
"Apr 08, 2021","56.40","55.50","57.30","54.40","5.09M","2.92%"
"Apr 07, 2021","54.80","55.00","58.60","53.80","9.40M","0.92%"
"Apr 06, 2021","54.30","50.00","54.40","49.50","5.03M","9.48%"
"Apr 05, 2021","49.60","47.50","50.50","47.50","4.04M","4.64%"
"Apr 01, 2021","47.40","46.60","48.10","46.00","1.85M","2.38%"
"Mar 31, 2021","46.30","46.80","46.80","46.00","916.09K","-0.43%"
"Mar 30, 2021","46.50","47.00","47.20","46.00","566.97K","-0.64%"
"Mar 29, 2021","46.80","46.50","47.40","45.70","2.27M","1.52%"
"Mar 26, 2021","46.10","45.40","46.30","44.60","591.34K","3.36%"
"Mar 25, 2021","44.60","47.00","48.20","44.60","2.02M","-4.50%"
"Mar 24, 2021","46.70","44.40","47.00","43.90","2.93M","4.24%"
"Mar 23, 2021","44.80","44.90","45.80","43.40","934.59K","1.36%"
"Mar 22, 2021","44.20","42.50","44.80","42.50","1.48M","4.00%"
"Mar 19, 2021","42.50","43.20","44.30","41.00","2.63M","-2.75%"
"Mar 18, 2021","43.70","46.00","46.00","43.60","1.71M","-5.82%"
"Mar 17, 2021","46.40","47.80","48.00","45.90","991.99K","-4.13%"
"Mar 16, 2021","48.40","49.00","49.80","45.60","1.76M","-0.82%"
"Mar 15, 2021","48.80","52.00","52.70","48.40","1.92M","-4.87%"
"Mar 12, 2021","51.30","50.00","52.00","50.00","2.85M","3.64%"
"Mar 10, 2021","49.50","50.00","51.60","48.00","1.33M","-1.00%"
"Mar 09, 2021","50.00","52.00","55.50","49.00","8.31M","-2.72%"
"Mar 08, 2021","51.40","45.00","51.40","44.00","6.62M","16.82%"
"Mar 05, 2021","44.00","41.50","44.50","39.00","2.85M","8.11%"
"Mar 04, 2021","40.70","44.00","46.00","39.50","3.06M","-7.08%"
"Mar 03, 2021","43.80","46.50","46.50","40.50","2.93M","-5.81%"
"Mar 02, 2021","46.50","49.90","49.90","45.90","2.12M","-5.68%"
"Mar 01, 2021","49.30","50.30","51.90","48.70","1.75M","-2.38%"
"Feb 25, 2021","50.50","50.00","51.80","47.90","2.77M","1.20%"
"Feb 24, 2021","49.90","49.20","51.80","48.60","3.63M","0.81%"
"Feb 23, 2021","49.50","55.20","55.20","47.40","5.31M","-11.45%"
"Feb 22, 2021","55.90","58.00","59.50","55.10","2.73M","-6.99%"
"Feb 19, 2021","60.10","63.20","63.40","59.00","2.01M","-3.84%"
"Feb 18, 2021","62.50","63.00","64.00","61.30","2.45M","-0.48%"
"Feb 17, 2021","62.80","60.60","62.90","55.70","3.54M","4.67%"
"Feb 16, 2021","60.00","67.50","69.10","55.70","6.08M","-9.09%"
"Feb 10, 2021","66.00","70.00","71.00","64.50","8.40M","-8.71%"
"Feb 09, 2021","72.30","74.90","74.97","69.00","4.91M","-2.23%"
"Feb 08, 2021","73.95","72.00","76.00","72.00","5.67M","4.71%"
"Feb 05, 2021","70.63","69.00","70.90","66.50","4.82M","7.01%"
"Feb 03, 2021","66.00","62.50","70.00","61.33","5.53M","-2.91%"
"Feb 02, 2021","67.97","72.00","73.82","55.00","6.17M","-1.06%"
"Feb 01, 2021","68.70","71.50","72.00","68.50","3.92M","-4.95%"
"Jan 29, 2021","72.28","76.00","76.00","68.00","5.05M","-3.67%"
"Jan 27, 2021","75.03","73.50","76.50","71.50","5.98M","2.77%"
"Jan 26, 2021","73.00","70.00","75.00","70.00","11.01M","5.19%"
"Jan 25, 2021","69.40","57.00","69.97","56.53","14.06M","23.93%"
"Jan 22, 2021","56.00","58.90","60.50","55.10","10.24M","-3.28%"
"Jan 21, 2021","57.90","47.50","62.50","47.50","32.41M","30.19%"
"Jan 20, 2021","44.47","41.50","45.00","40.20","10.09M","7.17%"
"Jan 19, 2021","41.50","43.50","44.00","41.03","4.17M","-2.35%"
"Jan 18, 2021","42.50","41.50","44.50","41.10","9.34M","4.94%"
"Jan 15, 2021","40.50","38.45","40.80","38.40","10.46M","5.74%"
"Jan 13, 2021","38.30","37.20","38.45","37.20","7.43M","4.22%"
"Jan 12, 2021","36.75","34.60","37.20","34.60","7.76M","6.21%"
"Jan 11, 2021","34.60","34.30","34.80","34.00","4.60M","0.87%"
"Jan 08, 2021","34.30","34.00","34.50","33.90","809.89K","1.00%"
"Jan 07, 2021","33.96","34.70","34.70","33.96","3.86M","-1.14%"
"Jan 06, 2021","34.35","34.65","35.00","34.07","1.72M","-0.58%"
"Jan 05, 2021","34.55","34.30","34.70","34.27","2.47M","0.73%"
"Jan 04, 2021","34.30","35.01","35.10","34.00","2.48M","-0.72%"
"Dec 31, 2020","34.55","34.94","35.00","34.51","3.68M","-0.72%"
"Dec 30, 2020","34.80","34.00","34.80","33.83","3.87M","2.81%"
"Dec 28, 2020","33.85","33.90","33.95","33.50","1.29M","0.18%"
"Dec 24, 2020","33.79","32.94","33.99","32.80","4.67M","2.92%"
"Dec 23, 2020","32.83","32.88","32.99","32.70","928.73K","0.71%"
"Dec 22, 2020","32.60","32.79","32.90","32.40","395.39K","0.71%"
"Dec 21, 2020","32.37","31.99","32.99","31.35","2.31M","3.25%"
"Dec 18, 2020","31.35","31.84","31.85","31.20","1.22M","-0.32%"
"Dec 17, 2020","31.45","32.00","32.00","31.40","1.50M","-1.10%"
"Dec 16, 2020","31.80","32.00","32.79","31.78","1.08M","-1.21%"
"Dec 15, 2020","32.19","32.70","32.70","32.00","2.08M","-0.95%"
"Dec 14, 2020","32.50","33.00","33.00","32.20","1.34M","-1.66%"
"Dec 11, 2020","33.05","32.09","33.09","31.77","1.15M","3.28%"
"Dec 10, 2020","32.00","32.60","32.84","31.99","2.13M","-1.87%"
"Dec 09, 2020","32.61","32.99","32.99","32.45","864.55K","-0.58%"
"Dec 08, 2020","32.80","33.01","33.10","32.77","2.05M","-2.38%"
"Dec 07, 2020","33.60","33.80","33.99","33.30","2.26M","0.00%"
"Dec 04, 2020","33.60","33.76","33.88","33.50","1.42M","-0.44%"
"Dec 03, 2020","33.75","33.70","33.75","33.40","2.31M","-0.09%"
"Dec 02, 2020","33.78","34.05","34.10","33.50","1.19M","-0.94%"
"Dec 01, 2020","34.10","33.90","34.27","33.85","1.84M","0.65%"
"Nov 30, 2020","33.88","34.10","34.20","33.65","3.50M","1.44%"
"Nov 27, 2020","33.40","33.28","33.75","33.00","2.69M","0.45%"
"Nov 26, 2020","33.25","32.90","33.90","32.90","4.29M","0.45%"
"Nov 25, 2020","33.10","31.50","33.49","31.50","11.25M","5.25%"
"Nov 24, 2020","31.45","31.10","31.75","31.00","6.53M","1.78%"
"Nov 23, 2020","30.90","31.70","31.70","30.86","10.00M","-2.52%"
"Nov 20, 2020","31.70","32.48","32.48","31.70","2.77M","-1.25%"
"Nov 19, 2020","32.10","32.61","33.00","32.00","3.38M","-2.61%"
"Nov 18, 2020","32.96","33.49","33.49","32.52","1.63M","-0.57%"
"Nov 17, 2020","33.15","32.41","33.25","31.90","9.79M","2.60%"
"Nov 16, 2020","32.31","32.60","32.90","32.11","2.70M","0.19%"
"Nov 13, 2020","32.25","32.50","33.19","32.20","3.44M","-0.77%"
"Nov 12, 2020","32.50","34.00","34.00","32.00","4.84M","-2.99%"
"Nov 11, 2020","33.50","33.10","34.50","30.00","24.15M","2.63%"
"Nov 10, 2020","32.64","35.00","36.50","32.30","6.81M","-13.81%"
"Nov 09, 2020","37.87","40.00","40.00","36.90","5.54M","-4.13%"
"Nov 06, 2020","39.50","40.00","42.50","39.40","8.67M","0.51%"
"Nov 05, 2020","39.30","35.10","39.90","35.10","15.74M","18.02%"
"Nov 04, 2020","33.30","32.50","33.30","32.50","5.56M","2.78%"
"Nov 03, 2020","32.40","31.39","32.49","31.00","5.58M","4.52%"
"Nov 02, 2020","31.00","30.50","31.30","30.00","6.62M","-1.27%"
"Oct 29, 2020","31.40","30.00","31.60","29.99","3.82M","4.67%"
"Oct 28, 2020","30.00","30.90","31.50","29.80","2.10M","-2.60%"
"Oct 27, 2020","30.80","31.00","31.80","30.70","1.61M","-0.32%"
"Oct 26, 2020","30.90","29.10","31.25","29.00","1.54M","-2.52%"
"Oct 23, 2020","31.70","32.10","32.30","30.90","1.34M","0.32%"
"Oct 22, 2020","31.60","29.99","32.50","29.01","1.12M","3.61%"
"Oct 21, 2020","30.50","32.82","32.82","30.00","1.90M","-7.29%"
"Oct 20, 2020","32.90","33.48","33.50","31.80","1.41M","-1.76%"
"Oct 19, 2020","33.49","33.20","34.70","33.10","1.24M","1.18%"
"Oct 16, 2020","33.10","33.20","33.50","31.80","1.70M","0.55%"
"Oct 15, 2020","32.92","32.89","34.50","32.80","2.38M","0.40%"
"Oct 14, 2020","32.79","29.50","32.90","29.30","4.61M","13.26%"
"Oct 13, 2020","28.95","25.00","29.00","25.00","3.74M","18.16%"
"Oct 12, 2020","24.50","22.30","24.50","22.30","3.87M","11.36%"
"Oct 09, 2020","22.00","21.53","22.50","21.50","955.84K","2.33%"
"Oct 08, 2020","21.50","20.75","22.29","20.75","1.63M","2.87%"
"Oct 07, 2020","20.90","21.00","21.20","20.50","612.87K","2.45%"
"Oct 06, 2020","20.40","19.20","21.50","19.01","1.22M","1.49%"
"Oct 05, 2020","20.10","21.80","21.80","19.90","2.15M","-10.63%"
"Oct 02, 2020","22.49","22.50","22.50","22.30","572.16K","-0.04%"
"Sep 30, 2020","22.50","22.50","22.50","22.20","342.56K","1.12%"
"Sep 29, 2020","22.25","22.00","22.50","21.70","817.09K","-1.16%"
"Sep 28, 2020","22.51","21.80","22.51","21.70","953.57K","3.64%"
"Sep 25, 2020","21.72","22.00","22.00","21.60","274.60K","-1.50%"
"Sep 24, 2020","22.05","22.00","22.20","21.75","1.07M","1.19%"
"Sep 23, 2020","21.79","22.00","22.00","21.10","768.24K","1.82%"
"Sep 22, 2020","21.40","20.65","21.90","20.60","1.59M","4.39%"
"Sep 21, 2020","20.50","20.20","20.70","20.00","1.80M","1.49%"
"Sep 18, 2020","20.20","20.40","20.40","20.02","317.12K","-0.44%"
"Sep 17, 2020","20.29","20.50","21.00","20.00","1.84M","-0.49%"
"Sep 16, 2020","20.39","19.99","20.50","19.99","1.60M","2.98%"
"Sep 15, 2020","19.80","19.30","19.98","19.30","2.97M","2.59%"
"Sep 14, 2020","19.30","18.65","19.37","18.65","1.71M","3.10%"
"Sep 11, 2020","18.72","18.72","18.75","18.60","411.22K","-0.11%"
"Sep 10, 2020","18.74","18.70","18.80","18.60","1.46M","0.64%"
"Sep 09, 2020","18.62","18.75","18.89","18.62","942.74K","-0.64%"
"Sep 08, 2020","18.74","18.45","18.99","18.45","816.27K","1.63%"
"Sep 07, 2020","18.44","18.09","18.49","18.09","298.51K","1.54%"
"Sep 04, 2020","18.16","17.95","18.49","17.75","716.40K","0.89%"
"Sep 03, 2020","18.00","18.10","18.20","17.95","418.13K","-1.10%"
"Sep 02, 2020","18.20","18.00","18.69","18.00","661.05K","1.45%"
"Aug 31, 2020","17.94","17.60","18.00","17.60","672.37K","2.51%"
"Aug 28, 2020","17.50","17.15","17.90","17.10","403.02K","1.16%"
"Aug 27, 2020","17.30","17.25","17.37","17.05","306.49K","0.12%"
"Aug 26, 2020","17.28","17.20","17.50","16.86","819.48K","0.64%"
"Aug 25, 2020","17.17","16.90","17.19","16.50","192.48K","0.00%"
"Aug 24, 2020","17.17","16.90","17.50","16.90","390.91K","1.00%"
"Aug 21, 2020","17.00","16.30","17.09","16.30","2.23M","5.52%"
"Aug 20, 2020","16.11","15.85","16.23","15.50","1.90M","3.27%"
"Aug 19, 2020","15.60","15.52","15.80","15.01","1.01M","-1.14%"
"Aug 18, 2020","15.78","16.00","16.20","15.72","844.58K","-1.99%"
"Aug 17, 2020","16.10","16.60","16.60","15.81","757.75K","-3.01%"
"Aug 14, 2020","16.60","17.20","17.90","16.10","2.74M","-1.48%"
"Aug 13, 2020","16.85","15.10","16.87","15.10","3.84M","16.45%"
"Aug 12, 2020","14.47","14.68","14.68","14.35","1.06M","0.49%"
"Aug 11, 2020","14.40","14.35","14.50","14.30","941.86K","0.00%"
"Aug 10, 2020","14.40","14.40","14.50","14.20","540.68K","1.05%"
"Aug 07, 2020","14.25","14.30","14.50","13.81","888.99K","0.35%"
"Aug 06, 2020","14.20","13.80","14.40","13.79","1.72M","2.90%"
"Aug 05, 2020","13.80","13.70","13.80","13.50","58.34K","0.73%"
"Aug 04, 2020","13.70","13.49","13.80","13.40","3.89M","1.63%"
"Jul 31, 2020","13.48","13.50","13.50","13.45","229.90K","1.43%"
"Jul 30, 2020","13.29","13.50","13.50","13.19","154.53K","-2.28%"
"Jul 29, 2020","13.60","13.23","13.60","13.23","49.11K","0.89%"
"Jul 28, 2020","13.48","13.70","13.70","13.21","28.84K","-0.15%"
"Jul 27, 2020","13.50","13.80","13.80","13.25","128.27K","-1.53%"
"Jul 24, 2020","13.71","13.70","13.99","13.70","226.58K","-0.29%"
"Jul 23, 2020","13.75","12.51","13.99","12.50","2.90M","7.42%"
"Jul 22, 2020","12.80","12.84","12.90","12.51","714.99K","0.79%"
"Jul 21, 2020","12.70","12.78","12.90","12.35","529.14K","0.79%"
"Jul 20, 2020","12.60","11.43","12.79","11.43","715.57K","10.24%"
"Jul 17, 2020","11.43","11.50","11.64","11.42","26.99K","0.26%"
"Jul 16, 2020","11.40","11.00","11.65","11.00","36.52K","2.70%"
"Jul 15, 2020","11.10","11.01","11.38","10.98","56.75K","-0.09%"
"Jul 14, 2020","11.11","11.25","11.70","11.10","63.13K","1.00%"
"Jul 13, 2020","11.00","11.00","11.32","10.35","834.87K","-5.17%"
"Jul 10, 2020","11.60","12.10","12.10","11.51","300.53K","-6.38%"
"Jul 09, 2020","12.39","12.29","12.47","12.29","437.98K","1.56%"
"Jul 08, 2020","12.20","12.00","12.30","11.98","489.07K","2.52%"
"Jul 07, 2020","11.90","11.00","11.90","11.00","612.99K","8.18%"
"Jul 06, 2020","11.00","10.65","11.00","10.61","674.97K","1.85%"
"Jul 03, 2020","10.80","10.87","10.95","10.80","263.74K","-0.55%"
"Jul 02, 2020","10.86","11.15","11.25","10.81","363.81K","-2.60%"
"Jul 01, 2020","11.15","10.40","11.15","10.39","302.02K","7.21%"
"Jun 30, 2020","10.40","10.20","10.40","10.00","270.41K","4.00%"
"Jun 29, 2020","10.00","9.70","10.00","9.70","213.17K","1.01%"
"Jun 26, 2020","9.90","9.65","9.90","9.65","125.46K","4.21%"
"Jun 25, 2020","9.50","9.35","9.60","9.25","299.59K","2.15%"
"Jun 24, 2020","9.30","9.10","9.40","9.00","142.13K","3.33%"
"Jun 23, 2020","9.00","9.10","9.10","9.00","501.82K","0.00%"
"Jun 22, 2020","9.00","9.00","9.20","8.97","708.85K","0.00%"
"Jun 19, 2020","9.00","8.99","9.20","8.99","141.69K","0.11%"
"Jun 18, 2020","8.99","9.00","9.00","8.99","93.40K","-0.11%"
"Jun 17, 2020","9.00","9.20","9.20","8.99","521.00K","-1.10%"
"Jun 16, 2020","9.10","8.67","9.10","8.33","203.61K","2.25%"
"Jun 15, 2020","8.90","8.94","8.95","8.90","81.62K","2.30%"
"Jun 12, 2020","8.70","8.50","9.18","8.50","419.23K","2.35%"
"Jun 11, 2020","8.50","8.50","8.50","8.36","140.56K","0.59%"
"Jun 10, 2020","8.45","8.49","8.50","8.40","18.91K","-0.59%"
"Jun 09, 2020","8.50","8.50","8.50","8.43","136.17K","0.00%"
"Jun 08, 2020","8.50","8.30","8.50","8.30","144.15K","0.59%"
"Jun 04, 2020","8.45","8.45","8.45","8.45","1.00K","1.20%"
"Jun 03, 2020","8.35","8.49","8.50","8.35","29.20K","1.58%"
"Jun 02, 2020","8.22","8.55","8.55","8.22","40.19K","0.12%"
"Jun 01, 2020","8.21","8.21","8.21","8.20","34.65K","-1.08%"
"May 29, 2020","8.30","8.49","8.59","8.30","7.20K","1.22%"
"May 28, 2020","8.20","8.01","8.40","8.00","127.00K","0.00%"
"May 27, 2020","8.20","8.00","8.20","8.00","60.72K","2.50%"
"May 26, 2020","8.00","8.20","8.20","8.00","468.83K","-2.44%"
"May 22, 2020","8.20","8.00","8.20","8.00","86.00K","2.50%"
"May 21, 2020","8.00","8.20","8.20","8.00","86.51K","-1.23%"
"May 20, 2020","8.10","8.19","8.19","8.10","81.06K","-1.22%"
"May 19, 2020","8.20","8.20","8.20","7.81","58.02K","2.50%"
"May 18, 2020","8.00","7.87","8.20","7.87","154.55K","1.39%"
"May 15, 2020","7.89","7.89","7.89","7.89","4.00K","2.47%"
"May 14, 2020","7.70","7.50","8.00","7.50","46.31K","3.36%"
"May 13, 2020","7.45","7.00","7.50","7.00","227.73K","6.58%"
"May 12, 2020","6.99","6.00","7.00","6.00","278.29K","22.63%"
"May 11, 2020","5.70","5.70","5.70","5.70","2.00K","0.00%"
"Mar 20, 2020","5.70","5.70","5.70","5.60","5.51K","-10.80%"
"Mar 13, 2020","6.39","6.10","6.39","5.56","29.90K","-1.69%"
"Mar 12, 2020","6.50","7.01","7.01","6.10","57.34K","-8.45%"
"Mar 11, 2020","7.10","7.10","7.10","7.04","2.33K","1.43%"
"Mar 10, 2020","7.00","7.20","7.20","7.00","109.59K","-5.41%"
"Mar 06, 2020","7.40","7.40","7.40","7.40","14.81K","-0.13%"
"Mar 05, 2020","7.41","7.42","7.42","7.41","35.18K","-0.80%"
"Mar 04, 2020","7.47","7.94","7.94","7.05","90.93K","-6.04%"
"Mar 03, 2020","7.95","7.90","7.99","7.90","78.25K","0.63%"
"Mar 02, 2020","7.90","7.90","7.90","7.90","100.00K","0.00%"
"Feb 28, 2020","7.90","7.90","7.90","7.90","1.41K","0.00%"
"Feb 26, 2020","7.90","7.92","7.92","7.90","9.63K","-0.25%"
"Feb 25, 2020","7.92","8.00","8.00","7.92","22.08K","-1.00%"
"Feb 24, 2020","8.00","8.01","8.01","8.00","201.18K","-0.12%"
"Feb 20, 2020","8.01","8.20","8.20","8.01","0.64K","0.13%"
"Feb 19, 2020","8.00","8.01","8.01","8.00","240.00K","0.00%"
"Feb 18, 2020","8.00","8.00","8.01","8.00","164.23K","0.00%"
"Feb 17, 2020","8.00","8.02","8.02","8.00","12.00K","-2.44%"
"Feb 14, 2020","8.20","8.39","8.39","8.20","20.01K","-2.26%"
"Feb 13, 2020","8.39","8.40","8.40","8.00","173.80K","-0.12%"
"Feb 12, 2020","8.40","8.40","8.40","8.39","35.01K","-0.59%"
"Feb 11, 2020","8.45","8.42","8.45","8.42","52.05K","-0.47%"
"Feb 10, 2020","8.49","8.30","8.49","8.30","16.00K","2.29%"
"Feb 07, 2020","8.30","8.15","8.30","8.15","71.00K","2.47%"
"Feb 06, 2020","8.10","8.36","8.36","8.07","1.03K","-3.46%"
"Feb 05, 2020","8.39","8.24","8.39","8.10","2.65K","4.22%"
"Feb 03, 2020","8.05","8.10","8.10","8.05","10.00K","-3.48%"
"Jan 31, 2020","8.34","8.00","8.34","8.00","9.49K","4.25%"
"Jan 30, 2020","8.00","8.34","8.34","8.00","4.55K","-3.38%"
"Jan 29, 2020","8.28","7.99","8.28","7.99","3.03K","4.15%"
"Jan 28, 2020","7.95","8.02","8.02","7.94","57.34K","-1.85%"
"Jan 27, 2020","8.10","8.35","8.35","8.10","9.71K","-2.88%"
"Jan 24, 2020","8.34","8.00","8.34","8.00","302.01K","-0.60%"
"Jan 23, 2020","8.39","8.39","8.39","8.39","12.50K","1.33%"
"Jan 22, 2020","8.28","8.17","8.40","8.16","20.11K","-1.43%"
"Jan 14, 2020","8.40","8.40","8.40","8.40","1.00K","2.19%"
"Jan 13, 2020","8.22","8.22","8.22","8.20","8.86K","0.00%"
"Jan 09, 2020","8.22","8.01","8.22","8.00","87.34K","0.24%"
"Jan 08, 2020","8.20","8.21","8.21","7.55","19.06K","-0.24%"
"Jan 07, 2020","8.22","8.50","8.50","8.22","19.80K","-0.96%"
"Jan 06, 2020","8.30","8.42","8.84","8.30","22.46K","-2.35%"
"Jan 03, 2020","8.50","8.42","8.90","8.42","31.36K","0.83%"
"Jan 02, 2020","8.43","8.50","8.50","8.40","30.65K","1.44%"
"Dec 31, 2019","8.31","8.31","8.31","8.31","0.15K","-2.24%"
"Dec 30, 2019","8.50","8.50","8.50","8.40","10.10K","0.00%"
"Dec 27, 2019","8.50","8.50","8.51","8.50","25.48K","-3.30%"
"Dec 26, 2019","8.79","8.50","8.79","8.50","1.01K","5.90%"
"Dec 24, 2019","8.30","8.49","8.49","8.30","18.43K","-2.35%"
"Dec 23, 2019","8.50","8.50","8.50","8.50","18.39K","1.19%"
"Dec 16, 2019","8.40","8.40","8.40","8.40","0.01K","-1.18%"
"Dec 13, 2019","8.50","8.30","8.50","8.30","1.16K","2.16%"
"Dec 12, 2019","8.32","8.50","8.50","8.32","1.01K","0.24%"
"Dec 10, 2019","8.30","8.22","8.31","8.20","2.48K","0.00%"
"Dec 09, 2019","8.30","8.47","8.47","8.30","0.95K","-2.35%"
"Dec 06, 2019","8.50","8.61","8.73","8.50","63.70K","-0.47%"
"Dec 05, 2019","8.54","8.79","8.79","8.54","92.20K","-1.84%"
"Dec 04, 2019","8.70","8.80","9.20","8.70","41.55K","-3.87%"
"Dec 03, 2019","9.05","8.77","9.05","8.77","245.61K","0.00%"
"Dec 02, 2019","9.05","9.00","9.20","8.71","644.98K","0.67%"
"Nov 29, 2019","8.99","8.50","9.00","8.30","777.49K","8.31%"
"Nov 28, 2019","8.30","8.29","8.40","8.20","101.10K","1.22%"
"Nov 27, 2019","8.20","8.06","8.20","8.00","231.35K","0.00%"
"Nov 26, 2019","8.20","8.19","8.20","8.00","51.39K","0.12%"
"Nov 25, 2019","8.19","7.91","8.19","7.91","10.21K","2.37%"
"Nov 22, 2019","8.00","8.00","8.20","8.00","120.23K","0.00%"
"Nov 21, 2019","8.00","8.02","8.10","8.00","119.40K","0.00%"
"Nov 20, 2019","8.00","8.00","8.10","7.95","262.20K","0.00%"
"Nov 19, 2019","8.00","8.11","8.11","8.00","190.70K","-3.03%"
"Nov 18, 2019","8.25","8.30","8.30","8.00","11.02K","0.61%"
"Nov 15, 2019","8.20","8.01","8.20","8.01","0.30K","2.50%"
"Nov 14, 2019","8.00","8.20","8.20","8.00","57.48K","0.00%"
"Nov 13, 2019","8.00","8.01","8.01","8.00","50.00K","-2.44%"
"Nov 08, 2019","8.20","8.20","8.20","8.20","0.19K","2.50%"
"Nov 07, 2019","8.00","8.00","8.00","7.92","20.06K","-2.44%"
"Nov 06, 2019","8.20","8.00","8.20","7.90","30.00K","0.12%"
"Nov 05, 2019","8.19","8.20","8.20","8.18","16.86K","-0.12%"
"Nov 04, 2019","8.20","8.20","8.20","8.20","5.20K","1.23%"
"Nov 01, 2019","8.10","8.10","8.11","8.10","162.90K","0.00%"
"Oct 31, 2019","8.10","8.05","8.40","8.05","70.46K","0.62%"
"Oct 30, 2019","8.05","8.05","8.05","8.05","3.50K","0.37%"
"Oct 29, 2019","8.02","8.02","8.05","8.02","22.25K","-0.37%"
"Oct 28, 2019","8.05","8.05","8.05","8.05","0.92K","0.00%"
"Oct 25, 2019","8.05","8.05","8.05","8.05","27.95K","0.00%"
"Oct 24, 2019","8.05","8.05","8.05","8.05","4.05K","0.00%"
"Oct 23, 2019","8.05","8.05","8.05","8.05","13.69K","0.00%"
"Oct 22, 2019","8.05","7.86","8.05","7.80","8.31K","3.21%"
"Oct 21, 2019","7.80","7.81","7.81","7.80","4.82K","-2.50%"
"Oct 18, 2019","8.00","8.00","8.00","8.00","100.00K","0.13%"
"Oct 17, 2019","7.99","8.00","8.00","7.99","0.11K","-0.13%"
"Oct 16, 2019","8.00","8.00","8.00","8.00","24.10K","0.00%"
"Oct 15, 2019","8.00","8.11","8.11","8.00","2.18K","-3.61%"
"Oct 14, 2019","8.30","8.20","8.30","8.10","6.51K","0.85%"
"Oct 09, 2019","8.23","7.99","8.25","7.99","19.36K","3.00%"
"Oct 08, 2019","7.99","7.99","7.99","7.99","0.40K","0.00%"
"Oct 07, 2019","7.99","8.00","8.00","7.82","0.37K","0.00%"
"Oct 04, 2019","7.99","7.99","7.99","7.99","0.45K","3.77%"
"Oct 03, 2019","7.70","7.70","7.70","7.70","0.25K","-3.63%"
"Sep 30, 2019","7.99","7.99","7.99","7.99","0.01K","-0.13%"
"Sep 27, 2019","8.00","7.99","8.00","7.99","25.31K","0.00%"
"Sep 26, 2019","8.00","8.00","8.00","8.00","25.00K","0.00%"
"Sep 25, 2019","8.00","8.00","8.00","8.00","10.00K","6.67%"
"Sep 24, 2019","7.50","7.61","7.61","7.50","8.71K","-2.60%"
"Sep 23, 2019","7.70","7.75","7.75","7.61","8.20K","-1.28%"
"Sep 20, 2019","7.80","7.80","7.80","7.80","1.00K","0.00%"
"Sep 18, 2019","7.80","8.00","8.00","7.80","12.00K","0.00%"
"Sep 10, 2019","7.80","7.81","7.81","7.80","5.00K","-0.76%"
"Sep 09, 2019","7.86","7.86","7.86","7.86","2.25K","-1.63%"
"Sep 06, 2019","7.99","7.99","7.99","7.99","0.35K","-0.13%"
"Sep 05, 2019","8.00","8.00","8.00","8.00","4.00K","1.78%"
"Sep 04, 2019","7.86","7.86","7.86","7.86","0.21K","-1.75%"
"Sep 03, 2019","8.00","8.00","8.00","8.00","8.00K","-1.84%"
"Sep 02, 2019","8.15","7.86","8.15","7.86","33.01K","1.87%"
"Aug 30, 2019","8.00","8.00","8.00","8.00","30.00K","0.63%"
"Aug 29, 2019","7.95","7.86","8.00","7.86","3.81K","-0.63%"
"Aug 28, 2019","8.00","8.00","8.00","8.00","50.00K","-2.44%"
"Aug 27, 2019","8.20","8.10","8.20","8.10","5.00K","2.50%"
"Aug 23, 2019","8.00","8.00","8.00","8.00","10.00K","2.56%"
"Aug 22, 2019","7.80","7.80","7.80","7.80","0.29K","-1.27%"
"Aug 20, 2019","7.90","8.00","8.00","7.90","0.50K","-1.25%"
"Aug 16, 2019","8.00","8.00","8.00","7.98","354.48K","0.63%"
"Aug 15, 2019","7.95","7.95","7.95","7.95","0.60K","0.51%"
"Aug 13, 2019","7.91","7.88","7.91","7.88","6.20K","0.76%"
"Aug 08, 2019","7.85","7.60","8.40","7.60","126.74K","4.39%"
"Aug 07, 2019","7.52","7.90","8.30","7.52","41.23K","-3.84%"
"Aug 06, 2019","7.82","7.82","7.82","7.82","0.13K","-10.11%"
"Aug 05, 2019","8.70","8.70","8.70","8.70","0.01K","6.36%"
"Aug 02, 2019","8.18","8.15","8.18","8.15","98.84K","-3.76%"
"Aug 01, 2019","8.50","8.70","8.75","8.50","26.68K","-1.96%"
"Jul 31, 2019","8.67","8.60","8.67","8.60","10.39K","-0.23%"
"Jul 30, 2019","8.69","8.69","8.79","8.69","16.56K","0.00%"
"Jul 26, 2019","8.69","8.69","8.69","8.69","10.00K","4.70%"
"Jul 25, 2019","8.30","8.60","8.60","8.30","63.66K","-2.35%"
"Jul 24, 2019","8.50","8.40","8.51","8.40","114.16K","3.03%"
"Jul 23, 2019","8.25","8.25","8.26","8.25","21.46K","-0.36%"
"Jul 22, 2019","8.28","8.28","8.28","8.28","0.10K","-1.43%"
"Jul 19, 2019","8.40","8.40","8.40","8.40","10.10K","2.44%"
"Jul 18, 2019","8.20","8.40","8.40","8.20","671.00K","-2.38%"
"Jul 17, 2019","8.40","8.30","8.40","8.11","2.47K","1.20%"
"Jul 15, 2019","8.30","8.01","8.30","7.80","63.00K","-0.60%"
"Jul 09, 2019","8.35","8.35","8.35","8.35","0.04K","4.24%"
"Jul 08, 2019","8.01","8.01","8.01","8.01","0.02K","-2.32%"
"Jul 04, 2019","8.20","7.99","8.20","7.99","10.15K","6.49%"
"Jul 03, 2019","7.70","7.75","7.75","7.70","5.69K","0.00%"
"Jul 02, 2019","7.70","7.70","7.70","7.70","0.03K","-2.53%"
"Jul 01, 2019","7.90","7.99","8.00","7.90","20.01K","-1.13%"
"Jun 28, 2019","7.99","7.99","7.99","7.99","0.02K","6.53%"
"Jun 27, 2019","7.50","7.67","7.67","7.50","12.13K","-6.02%"
"Jun 26, 2019","7.98","7.98","7.98","7.98","3.00K","0.00%"
"Jun 24, 2019","7.98","8.00","8.00","7.98","0.03K","-0.25%"
"Jun 21, 2019","8.00","8.00","8.00","7.99","41.82K","1.27%"
"Jun 20, 2019","7.90","8.00","8.00","7.90","37.10K","0.00%"
"Jun 18, 2019","7.90","8.12","8.18","7.90","69.97K","-1.37%"
"Jun 12, 2019","8.01","8.00","8.10","8.00","2.73K","0.13%"
"Jun 11, 2019","8.00","8.00","8.00","8.00","0.01K","5.12%"
"Jun 10, 2019","7.61","7.61","7.61","7.61","0.07K","-2.44%"
"Jun 04, 2019","7.80","7.83","7.83","7.80","6.17K","-0.13%"
"Jun 03, 2019","7.81","7.81","7.81","7.81","0.15K","-3.58%"
"May 30, 2019","8.10","8.10","8.10","8.10","0.02K","-8.89%"
"May 28, 2019","8.89","7.65","8.89","7.60","26.61K","17.75%"
"May 27, 2019","7.55","7.50","7.55","7.50","13.49K","-4.43%"
"May 23, 2019","7.90","7.90","7.90","7.90","1.00K","1.28%"
"May 22, 2019","7.80","7.80","7.80","7.80","0.10K","0.00%"
"May 21, 2019","7.80","7.80","7.80","7.80","0.50K","0.00%"
"May 17, 2019","7.80","7.80","7.80","7.80","10.00K","1.17%"
"May 16, 2019","7.71","7.61","7.71","7.61","9.30K","1.45%"
"May 14, 2019","7.60","7.65","7.65","7.60","5.22K","-1.30%"
"May 13, 2019","7.70","7.70","7.70","7.70","0.91K","-0.13%"
"May 10, 2019","7.71","7.71","7.71","7.71","0.50K","0.13%"
"May 08, 2019","7.70","7.70","7.70","7.70","0.03K","0.00%"
"May 06, 2019","7.70","7.70","7.70","7.70","0.33K","0.00%"
"May 03, 2019","7.70","7.70","7.70","7.70","8.47K","-3.75%"
"Apr 25, 2019","8.00","8.00","8.00","8.00","0.60K","0.00%"
"Apr 17, 2019","8.00","8.00","8.00","8.00","10.00K","-3.38%"
"Apr 16, 2019","8.28","8.28","8.28","8.28","3.50K","-0.24%"
"Apr 11, 2019","8.30","8.30","8.30","8.30","0.01K","0.61%"
"Apr 08, 2019","8.25","8.50","8.50","8.25","1.12K","-2.94%"
"Apr 04, 2019","8.50","8.50","8.50","8.50","0.01K","3.66%"
"Apr 02, 2019","8.20","8.10","8.20","8.10","36.75K","1.23%"
"Apr 01, 2019","8.10","8.01","8.18","8.00","20.74K","1.25%"
"Mar 28, 2019","8.00","8.00","8.00","8.00","0.30K","0.13%"
"Mar 27, 2019","7.99","7.80","7.99","7.80","10.01K","2.44%"
"Mar 26, 2019","7.80","7.71","7.80","7.70","25.00K","-2.50%"
"Mar 22, 2019","8.00","7.72","8.00","7.71","1.70K","3.23%"
"Mar 21, 2019","7.75","7.76","7.76","7.75","10.38K","-0.64%"
"Mar 19, 2019","7.80","7.81","7.99","7.80","44.80K","0.00%"
"Mar 18, 2019","7.80","7.99","7.99","7.80","3.70K","-2.50%"
"Mar 15, 2019","8.00","8.00","8.00","8.00","4.12K","2.56%"
"Mar 13, 2019","7.80","7.90","7.90","7.80","31.13K","-2.50%"
"Mar 12, 2019","8.00","8.20","8.20","8.00","30.45K","-2.20%"
"Mar 11, 2019","8.18","8.20","8.20","8.00","1.65K","2.25%"
"Mar 08, 2019","8.00","8.10","8.10","8.00","78.96K","-5.55%"
"Mar 05, 2019","8.47","8.02","8.47","8.00","69.23K","4.18%"
"Feb 28, 2019","8.13","8.13","8.13","8.13","1.00K","0.37%"
"Feb 27, 2019","8.10","8.11","8.11","8.10","30.15K","-0.12%"
"Feb 26, 2019","8.11","8.11","8.11","8.11","0.01K","0.00%"
"Feb 25, 2019","8.11","8.11","8.11","8.11","0.04K","-0.49%"
"Feb 22, 2019","8.15","8.48","8.49","8.12","5.65K","-4.00%"
"Feb 21, 2019","8.49","8.20","8.49","8.00","27.74K","5.86%"
"Feb 20, 2019","8.02","8.25","8.25","8.00","254.65K","-5.65%"
"Feb 18, 2019","8.50","8.86","8.86","8.50","197.35K","-5.56%"
"Feb 15, 2019","9.00","9.00","9.00","9.00","0.05K","1.58%"
"Feb 14, 2019","8.86","8.86","8.86","8.86","0.05K","-0.11%"
"Feb 13, 2019","8.87","8.90","9.00","8.87","26.32K","-0.34%"
"Feb 12, 2019","8.90","8.90","8.90","8.90","0.99K","-1.11%"
"Feb 11, 2019","9.00","9.00","9.00","9.00","2.05K","0.00%"
"Feb 08, 2019","9.00","9.01","9.10","9.00","18.00K","-0.11%"
"Feb 07, 2019","9.01","9.02","9.03","9.00","60.74K","-1.31%"
"Feb 06, 2019","9.13","9.10","9.14","9.10","13.09K","0.33%"
"Feb 05, 2019","9.10","9.10","9.10","9.10","28.13K","0.00%"
"Feb 01, 2019","9.10","9.10","9.10","9.10","0.04K","-1.09%"
"Jan 31, 2019","9.20","9.50","9.90","9.10","342.03K","1.10%"
"Jan 30, 2019","9.10","9.10","9.12","9.10","5.99K","-0.11%"
"Jan 29, 2019","9.11","9.11","9.11","9.11","9.88K","1.11%"
"Jan 28, 2019","9.01","9.01","9.01","9.01","18.79K","0.11%"
"Jan 25, 2019","9.00","9.60","9.60","9.00","407.93K","-6.25%"
"Jan 24, 2019","9.60","8.90","9.60","8.70","96.94K","7.87%"
"Jan 23, 2019","8.90","8.90","8.90","8.90","1.10K","0.00%"
"Jan 22, 2019","8.90","8.89","8.90","8.70","11.43K","0.00%"
"Jan 21, 2019","8.90","8.90","8.90","8.55","0.03K","-90.00%"
"Jan 18, 2019","89.00","85.10","89.00","85.10","0.01K","-1.00%"
"Jan 17, 2019","89.90","89.90","89.90","89.90","0.03K","-0.11%"
"Jan 14, 2019","90.00","89.90","90.00","89.90","1.21K","5.76%"
"Jan 11, 2019","85.10","85.10","85.10","85.00","3.93K","0.12%"
"Jan 10, 2019","85.00","85.10","85.50","85.00","16.97K","-2.19%"
"Jan 09, 2019","86.90","86.90","86.90","86.90","0.01K","2.12%"
"Jan 08, 2019","85.10","85.50","85.50","85.00","15.05K","-2.07%"
"Jan 07, 2019","86.90","86.00","86.90","85.80","0.18K","-0.11%"
"Jan 03, 2019","87.00","85.00","87.00","85.00","0.80K","2.35%"
"Jan 02, 2019","85.00","85.00","88.00","85.00","8.25K","0.00%"
"Dec 31, 2018","85.00","85.00","85.00","85.00","0.00K","0.00%"
"Dec 28, 2018","85.00","85.10","85.10","85.00","1.27K","-14.23%"
"Dec 27, 2018","99.10","99.10","99.10","99.10","0.00K","16.59%"
"Dec 24, 2018","85.00","85.00","85.00","85.00","0.59K","0.00%"
"Dec 20, 2018","85.00","85.00","85.00","85.00","0.86K","0.00%"
"Dec 18, 2018","85.00","85.00","85.00","85.00","0.55K","0.00%"
"Dec 17, 2018","85.00","85.00","85.00","85.00","2.82K","0.00%"
"Dec 14, 2018","85.00","85.00","85.00","85.00","5.00K","0.00%"
"Dec 13, 2018","85.00","85.10","85.10","85.00","0.20K","0.00%"
"Dec 12, 2018","85.00","85.00","85.00","85.00","0.20K","0.00%"
"Dec 11, 2018","85.00","85.00","85.00","85.00","6.40K","0.00%"
"Dec 10, 2018","85.00","85.00","85.00","85.00","1.93K","0.00%"
"Dec 07, 2018","85.00","85.00","85.00","85.00","3.51K","0.00%"
"Dec 06, 2018","85.00","84.00","85.00","84.00","43.01K","1.19%"
"Dec 05, 2018","84.00","84.90","84.90","84.00","0.51K","-1.06%"
"Dec 04, 2018","84.90","84.90","84.90","84.90","0.00K","-0.12%"
"Dec 03, 2018","85.00","86.00","86.00","82.00","1.28K","-1.16%"
"Nov 30, 2018","86.00","86.00","86.80","85.00","42.56K","3.61%"
"Nov 28, 2018","83.00","83.50","83.50","83.00","30.40K","-2.35%"
"Nov 27, 2018","85.00","84.30","85.00","84.30","1.19K","4.29%"
"Nov 26, 2018","81.50","81.50","81.50","81.50","3.00K","-3.55%"
"Nov 23, 2018","84.50","81.30","84.50","81.30","2.61K","-0.47%"
"Nov 21, 2018","84.90","81.30","84.90","81.30","8.66K","4.43%"
"Nov 19, 2018","81.30","81.30","81.30","81.30","3.00K","-7.61%"
"Nov 16, 2018","88.00","81.00","88.00","81.00","11.65K","3.53%"
"Nov 15, 2018","85.00","81.00","85.00","81.00","4.28K","-3.30%"
"Nov 14, 2018","87.90","88.00","88.00","87.90","10.07K","4.27%"
"Nov 09, 2018","84.30","80.00","84.30","80.00","1.01K","5.38%"
"Nov 08, 2018","80.00","80.00","80.00","80.00","0.04K","0.00%"
"Nov 07, 2018","80.00","80.00","80.00","80.00","6.50K","1.27%"
"Nov 05, 2018","79.00","81.00","84.40","79.00","88.30K","-2.47%"
"Nov 02, 2018","81.00","82.20","82.20","80.00","6.94K","-1.22%"
"Nov 01, 2018","82.00","82.00","82.40","82.00","5.42K","2.50%"
"Oct 31, 2018","80.00","80.00","80.00","80.00","0.71K","-0.12%"
"Oct 30, 2018","80.10","80.10","80.10","80.00","53.50K","-1.11%"
"Oct 29, 2018","81.00","80.00","82.00","80.00","12.50K","1.50%"
"Oct 25, 2018","79.80","79.80","79.80","79.80","0.00K","6.40%"
"Oct 23, 2018","75.00","77.80","78.00","75.00","7.49K","-3.60%"
"Oct 19, 2018","77.80","77.80","77.80","77.80","0.19K","-0.38%"
"Oct 18, 2018","78.10","80.00","80.00","78.10","0.22K","-3.46%"
"Oct 17, 2018","80.90","80.90","80.90","80.90","0.10K","-0.12%"
"Oct 16, 2018","81.00","80.00","81.00","80.00","5.23K","-1.22%"
"Oct 12, 2018","82.00","84.70","84.70","82.00","0.23K","-3.42%"
"Oct 11, 2018","84.90","84.90","84.90","84.90","0.00K","3.54%"
"Oct 10, 2018","82.00","82.00","82.00","82.00","1.92K","0.00%"
"Oct 09, 2018","82.00","81.90","82.00","81.90","1.64K","2.37%"
"Oct 08, 2018","80.10","80.50","80.50","80.10","1.15K","-0.25%"
"Oct 05, 2018","80.30","80.00","80.30","80.00","2.12K","3.61%"
"Oct 02, 2018","77.50","77.00","77.50","77.00","0.60K","0.65%"
"Sep 28, 2018","77.00","77.00","77.10","77.00","1.19K","0.00%"
"Sep 26, 2018","77.00","77.00","77.00","77.00","4.02K","0.00%"
"Sep 25, 2018","77.00","78.00","78.00","77.00","10.80K","-0.13%"
"Sep 21, 2018","77.10","77.10","77.10","77.00","1.00K","-0.52%"
"Sep 20, 2018","77.50","79.00","79.00","77.50","10.32K","-1.90%"
"Sep 19, 2018","79.00","80.10","80.10","79.00","1.48K","-1.25%"
"Sep 18, 2018","80.00","83.00","83.00","80.00","1.14K","-0.62%"
"Sep 17, 2018","80.50","80.50","80.50","80.50","3.50K","0.00%"
"Sep 14, 2018","80.50","80.50","80.50","80.50","9.50K","0.00%"
"Sep 13, 2018","80.50","80.50","80.50","80.50","3.00K","0.00%"
"Sep 12, 2018","80.50","80.50","80.50","80.50","3.61K","0.00%"
"Sep 11, 2018","80.50","81.00","81.00","80.50","3.37K","0.00%"
"Sep 07, 2018","80.50","80.50","80.50","80.50","6.02K","0.00%"
"Sep 04, 2018","80.50","80.50","80.50","80.50","12.80K","0.00%"
"Sep 03, 2018","80.50","80.50","80.50","80.50","10.00K","0.00%"
"Aug 30, 2018","80.50","82.00","82.00","80.50","0.65K","3.21%"
"Aug 29, 2018","78.00","78.00","78.00","78.00","0.01K","0.00%"
"Aug 28, 2018","78.00","78.00","78.00","78.00","0.21K","-2.50%"
"Aug 27, 2018","80.00","77.10","80.00","77.00","2.67K","3.90%"
"Aug 24, 2018","77.00","77.00","77.00","77.00","0.01K","-4.35%"
"Aug 23, 2018","80.50","76.00","80.50","76.00","0.69K","4.55%"
"Aug 20, 2018","77.00","78.00","78.00","77.00","2.94K","-1.28%"
"Aug 17, 2018","78.00","78.00","78.50","78.00","1.07K","-2.50%"
"Aug 15, 2018","80.00","80.00","80.00","80.00","2.00K","1.27%"
"Aug 14, 2018","79.00","79.00","79.00","79.00","0.06K","-1.25%"
"Aug 13, 2018","80.00","80.20","80.20","80.00","5.30K","-1.23%"
"Aug 09, 2018","81.00","81.00","81.00","81.00","0.30K","0.75%"
"Aug 08, 2018","80.40","82.90","83.00","80.40","2.61K","0.50%"
"Aug 06, 2018","80.00","80.00","80.00","80.00","0.50K","0.00%"
"Aug 03, 2018","80.00","80.00","80.00","80.00","4.22K","0.00%"
"Aug 01, 2018","80.00","80.00","80.00","80.00","1.05K","-3.50%"
"Jul 31, 2018","82.90","80.00","82.90","80.00","0.00K","6.01%"
"Jul 30, 2018","78.20","80.00","80.00","78.20","2.00K","-2.25%"
"Jul 26, 2018","80.00","80.00","80.00","80.00","0.10K","-0.12%"
"Jul 25, 2018","80.10","80.00","80.10","80.00","4.00K","2.69%"
"Jul 24, 2018","78.00","78.00","78.00","78.00","1.00K","-2.62%"
"Jul 23, 2018","80.10","80.50","83.00","80.10","17.37K","0.00%"
"Jul 19, 2018","80.10","80.00","80.10","80.00","15.31K","-5.76%"
"Jul 17, 2018","85.00","85.00","85.00","85.00","0.01K","6.25%"
"Jul 13, 2018","80.00","79.50","80.00","79.50","3.93K","0.63%"
"Jul 12, 2018","79.50","80.00","80.00","79.50","3.05K","-0.63%"
"Jul 11, 2018","80.00","80.00","80.00","80.00","0.04K","0.63%"
"Jul 10, 2018","79.50","79.50","79.50","79.50","3.04K","0.00%"
"Jul 09, 2018","79.50","79.00","79.50","79.00","0.27K","0.63%"
"Jul 06, 2018","79.00","78.50","79.00","78.50","2.03K","0.00%"
"Jul 04, 2018","79.00","66.20","79.00","66.20","0.05K","1.28%"
"Jul 03, 2018","78.00","79.00","79.00","78.00","2.18K","-1.39%"
"Jul 02, 2018","79.10","79.10","79.10","79.10","0.01K","0.13%"
"Jun 29, 2018","79.00","79.10","79.10","79.00","2.00K","0.00%"
"Jun 28, 2018","79.00","79.00","83.00","79.00","0.46K","1.28%"
"Jun 25, 2018","78.00","83.00","83.00","78.00","1.12K","-2.50%"
"Jun 22, 2018","80.00","80.60","80.60","80.00","0.22K","-3.50%"
"Jun 21, 2018","82.90","82.90","82.90","80.00","0.66K","0.00%"
"Jun 20, 2018","82.90","82.90","82.90","82.90","0.01K","3.63%"
"Jun 18, 2018","80.00","81.50","81.50","80.00","3.01K","-2.32%"
"Jun 14, 2018","81.90","80.00","81.90","80.00","0.59K","-1.21%"
"Jun 12, 2018","82.90","80.00","82.90","80.00","1.49K","4.94%"
"Jun 08, 2018","79.00","79.00","79.00","79.00","0.10K","-1.25%"
"Jun 07, 2018","80.00","81.00","81.00","80.00","5.00K","-0.25%"
"Jun 05, 2018","80.20","80.60","80.60","80.20","22.32K","-0.99%"
"Jun 04, 2018","81.00","81.00","81.00","80.80","0.22K","0.00%"
"May 31, 2018","81.00","84.90","84.90","81.00","3.15K","-2.41%"
"May 30, 2018","83.00","83.60","84.80","83.00","10.31K","-6.00%"
"May 28, 2018","88.30","88.30","88.30","88.30","0.00K","5.12%"
"May 25, 2018","84.00","84.50","84.50","84.00","7.76K","-1.06%"
"May 24, 2018","84.90","84.90","84.90","84.90","0.00K","0.47%"
"May 23, 2018","84.50","84.00","84.50","84.00","0.58K","0.00%"
"May 22, 2018","84.50","84.10","84.50","84.10","1.53K","-0.59%"
"May 21, 2018","85.00","86.00","86.00","85.00","21.50K","-1.16%"
"May 18, 2018","86.00","87.00","87.00","86.00","6.36K","1.18%"
"May 17, 2018","85.00","86.00","86.00","85.00","0.44K","-1.16%"
"May 15, 2018","86.00","89.90","89.90","85.00","10.96K","0.58%"
"May 14, 2018","85.50","85.50","85.50","85.00","18.70K","-1.72%"
"May 11, 2018","87.00","86.90","87.00","86.90","23.80K","0.58%"
"May 10, 2018","86.50","86.80","87.00","86.50","16.00K","1.76%"
"May 09, 2018","85.00","86.80","86.80","85.00","1.00K","-0.58%"
"May 08, 2018","85.50","85.60","85.60","85.50","3.70K","-1.72%"
"May 04, 2018","87.00","90.00","90.00","84.00","275.47K","2.35%"
"May 03, 2018","85.00","93.50","93.50","85.00","32.69K","-3.41%"
"May 02, 2018","88.00","90.00","90.00","88.00","1.73K","-2.22%"
"Apr 27, 2018","90.00","90.00","90.00","90.00","0.31K","2.27%"
"Apr 26, 2018","88.00","90.00","90.00","88.00","2.41K","-3.30%"
"Apr 24, 2018","91.00","91.00","91.00","91.00","0.00K","1.11%"
"Apr 23, 2018","90.00","86.10","90.00","85.00","1.31K","3.45%"
"Apr 20, 2018","87.00","89.90","92.00","87.00","9.20K","-3.23%"
"Apr 19, 2018","89.90","89.90","89.90","89.90","0.02K","2.16%"
"Apr 16, 2018","88.00","88.00","88.00","88.00","0.02K","2.33%"
"Apr 11, 2018","86.00","86.00","86.00","86.00","0.20K","0.00%"
"Apr 10, 2018","86.00","86.00","86.00","86.00","0.10K","0.00%"
"Apr 06, 2018","86.00","86.00","86.00","86.00","0.02K","0.00%"
"Apr 03, 2018","86.00","86.00","86.00","86.00","1.82K","-7.43%"
"Apr 02, 2018","92.90","92.90","92.90","92.90","0.10K","8.65%"
"Mar 28, 2018","85.50","87.00","87.00","85.50","3.20K","0.59%"
"Mar 27, 2018","85.00","85.00","85.00","85.00","0.02K","-2.30%"
"Mar 23, 2018","87.00","87.00","87.00","87.00","1.00K","0.00%"
"Mar 22, 2018","87.00","87.00","87.00","87.00","1.07K","0.00%"
"Mar 21, 2018","87.00","87.00","87.00","87.00","0.10K","0.00%"
"Mar 19, 2018","87.00","87.10","87.10","87.00","3.50K","-0.11%"
"Mar 16, 2018","87.10","87.10","90.00","87.10","0.05K","-3.22%"
"Mar 15, 2018","90.00","90.00","90.00","90.00","0.02K","-2.17%"
"Mar 14, 2018","92.00","92.00","92.00","92.00","0.02K","-0.22%"
"Mar 13, 2018","92.20","92.30","92.30","92.10","0.21K","-0.22%"
"Mar 12, 2018","92.40","90.00","93.00","87.00","0.18K","6.21%"
"Mar 08, 2018","87.00","86.00","87.00","86.00","0.65K","2.35%"
"Mar 07, 2018","85.00","85.00","85.00","85.00","10.00K","0.00%"
"Mar 06, 2018","85.00","85.00","85.00","85.00","0.20K","0.00%"
"Mar 05, 2018","85.00","85.00","85.00","85.00","0.00K","-0.12%"
"Mar 02, 2018","85.10","85.00","85.50","85.00","0.83K","2.53%"
"Feb 27, 2018","83.00","86.10","86.10","83.00","0.01K","-4.60%"
"Feb 23, 2018","87.00","87.00","87.00","87.00","80.81K","0.93%"
"Feb 22, 2018","86.20","87.00","87.00","86.20","0.11K","-0.92%"
"Feb 21, 2018","87.00","87.30","87.30","87.00","0.39K","-0.46%"
"Feb 20, 2018","87.40","87.30","87.40","87.30","0.04K","0.11%"
"Feb 19, 2018","87.30","92.00","92.00","87.00","13.05K","0.11%"
"Feb 16, 2018","87.20","87.10","87.50","87.10","0.60K","0.11%"
"Feb 15, 2018","87.10","87.10","87.10","87.10","0.00K","-3.22%"
"Feb 14, 2018","90.00","93.50","95.00","90.00","0.20K","3.45%"
"Feb 12, 2018","87.00","93.50","93.50","86.00","1.10K","-6.75%"
"Feb 09, 2018","93.30","95.00","95.00","93.30","0.08K","1.86%"
"Feb 08, 2018","91.60","91.60","91.60","91.60","0.00K","4.09%"
"Feb 07, 2018","88.00","90.00","90.00","88.00","8.61K","1.03%"
"Feb 06, 2018","87.10","87.10","87.10","87.10","0.02K","-4.91%"
"Feb 02, 2018","91.60","91.60","91.60","91.60","0.01K","2.92%"
"Feb 01, 2018","89.00","89.00","92.00","89.00","49.88K","4.71%"
"Jan 30, 2018","85.00","85.00","85.00","85.00","3.75K","-5.56%"
"Jan 26, 2018","90.00","89.00","90.00","89.00","0.02K","5.88%"
"Jan 25, 2018","85.00","84.00","85.00","84.00","3.91K","0.00%"
"Jan 24, 2018","85.00","85.00","85.00","85.00","2.87K","-3.41%"
"Jan 18, 2018","88.00","87.90","88.00","87.90","0.01K","4.14%"
"Jan 17, 2018","84.50","84.50","84.50","84.50","0.70K","-0.47%"
"Jan 16, 2018","84.90","84.10","84.90","84.00","2.48K","1.07%"
"Jan 11, 2018","84.00","84.20","84.20","84.00","0.75K","-5.62%"
"Jan 10, 2018","89.00","84.60","89.00","84.60","0.09K","0.00%"
"Jan 09, 2018","89.00","89.00","89.00","84.60","0.02K","-0.56%"
"Jan 08, 2018","89.50","89.50","89.50","89.50","0.00K","2.87%"
"Jan 05, 2018","87.00","86.00","90.00","84.50","0.18K","-3.33%"
"Jan 02, 2018","90.00","85.00","100.00","85.00","1.03K","5.88%"
"Dec 29, 2017","85.00","85.00","85.00","85.00","0.13K","0.00%"
"Dec 28, 2017","85.00","85.00","85.00","85.00","0.15K","0.00%"
"Dec 27, 2017","85.00","84.00","85.00","82.00","2.72K","-1.05%"
"Dec 22, 2017","85.90","85.90","85.90","85.90","0.00K","-0.12%"
"Dec 13, 2017","86.00","85.50","86.00","85.50","0.13K","0.58%"
"Dec 12, 2017","85.50","83.10","85.50","83.10","1.90K","3.01%"
"Dec 11, 2017","83.00","83.60","83.60","83.00","3.58K","-0.12%"
"Dec 07, 2017","83.10","86.00","86.00","83.10","0.70K","-1.31%"
"Dec 05, 2017","84.20","84.20","86.00","84.20","50.37K","-1.64%"
"Nov 29, 2017","85.60","87.00","92.90","85.60","0.98K","-1.61%"
"Nov 28, 2017","87.00","85.00","87.00","85.00","1.25K","-3.33%"
"Nov 24, 2017","90.00","85.10","90.00","85.00","7.80K","-3.64%"
"Nov 23, 2017","93.40","85.50","93.40","85.10","0.61K","9.75%"
"Nov 22, 2017","85.10","86.00","86.00","85.10","3.00K","0.00%"
"Nov 21, 2017","85.10","88.90","99.00","85.10","0.62K","0.12%"
"Nov 20, 2017","85.00","85.00","85.00","85.00","18.75K","2.41%"
"Nov 17, 2017","83.00","82.80","83.00","82.80","0.06K","-3.38%"
"Nov 15, 2017","85.90","85.90","85.90","85.90","0.00K","1.06%"
"Nov 14, 2017","85.00","86.00","86.00","85.00","1.63K","-3.30%"
"Nov 13, 2017","87.90","87.90","87.90","87.90","9.12K","-0.11%"
"Nov 10, 2017","88.00","88.00","88.00","88.00","0.20K","-1.68%"
"Nov 09, 2017","89.50","89.90","89.90","89.50","1.41K","1.70%"
"Nov 08, 2017","88.00","88.30","88.30","88.00","4.08K","-0.11%"
"Nov 07, 2017","88.10","88.10","88.10","88.10","0.20K","-1.01%"
"Nov 06, 2017","89.00","93.50","94.40","88.00","19.13K","-5.32%"
"Nov 02, 2017","94.00","93.50","94.00","93.50","0.04K","-1.16%"
"Nov 01, 2017","95.10","95.00","95.10","95.00","1.00K","0.11%"
"Oct 31, 2017","95.00","95.20","95.20","95.00","0.30K","-2.06%"
"Oct 30, 2017","97.00","97.90","98.00","97.00","1.56K","0.00%"
"Oct 27, 2017","97.00","97.00","97.00","97.00","0.09K","1.04%"
"Oct 26, 2017","96.00","95.10","96.00","95.10","0.23K","0.95%"
"Oct 25, 2017","95.10","95.10","95.10","95.00","0.30K","1.06%"
"Oct 23, 2017","94.10","95.10","95.10","94.10","3.66K","-0.95%"
"Oct 20, 2017","95.00","96.00","98.90","95.00","1.11K","0.00%"
"Oct 19, 2017","95.00","94.00","96.00","94.00","15.14K","0.00%"
"Oct 17, 2017","95.00","94.00","95.00","94.00","2.90K","1.06%"
"Oct 16, 2017","94.00","95.00","95.00","94.00","0.50K","-1.05%"
"Oct 13, 2017","95.00","95.50","95.50","95.00","0.69K","-5.00%"
"Oct 12, 2017","100.00","98.00","100.00","98.00","7.50K","2.04%"
"Oct 11, 2017","98.00","98.00","98.00","96.50","1.20K","0.00%"
"Oct 10, 2017","98.00","97.90","98.00","97.90","0.20K","2.08%"
"Oct 09, 2017","96.00","99.90","99.90","96.00","11.61K","-3.90%"
"Oct 06, 2017","99.90","99.90","99.90","99.90","0.00K","0.00%"
"Oct 04, 2017","99.90","93.50","99.90","92.10","3.03K","-0.10%"
"Oct 03, 2017","100.00","99.50","100.00","98.00","1.05K","0.00%"
"Oct 02, 2017","100.00","95.00","100.00","95.00","4.61K","6.95%"
"Sep 29, 2017","93.50","93.50","93.50","93.50","4.10K","0.54%"
"Sep 27, 2017","93.00","92.10","93.00","92.10","0.33K","0.65%"
"Sep 26, 2017","92.40","92.50","92.50","92.40","0.96K","0.98%"
"Sep 25, 2017","91.50","91.50","91.50","91.50","0.10K","-6.63%"
"Sep 22, 2017","98.00","97.90","98.00","97.80","11.38K","0.10%"
"Sep 20, 2017","97.90","97.50","97.90","97.50","0.01K","-0.10%"
"Sep 15, 2017","98.00","98.00","98.00","98.00","0.04K","0.00%"
"Sep 14, 2017","98.00","98.00","98.00","97.50","0.13K","3.16%"
"Sep 13, 2017","95.00","94.00","97.50","93.00","11.35K","1.06%"
"Sep 12, 2017","94.00","94.90","94.90","94.00","0.02K","-1.05%"
"Sep 11, 2017","95.00","93.00","99.00","93.00","4.23K","2.15%"
"Sep 08, 2017","93.00","90.90","93.00","90.90","7.12K","2.20%"
"Sep 07, 2017","91.00","91.00","93.00","89.50","26.50K","0.00%"
"Sep 06, 2017","91.00","91.00","91.00","89.60","0.44K","2.25%"
"Sep 04, 2017","89.00","90.00","90.00","89.00","90.43K","-2.20%"
"Aug 31, 2017","91.00","91.00","91.00","91.00","0.09K","0.00%"
"Aug 30, 2017","91.00","89.00","91.00","89.00","3.81K","0.00%"
"Aug 29, 2017","91.00","89.00","91.00","89.00","0.04K","0.00%"
"Aug 28, 2017","91.00","91.00","91.00","91.00","0.03K","-6.19%"
"Aug 25, 2017","97.00","88.00","97.00","88.00","0.48K","11.24%"
"Aug 23, 2017","87.20","87.20","87.20","87.20","0.40K","-1.91%"
"Aug 22, 2017","88.90","88.90","88.90","88.00","0.14K","-0.11%"
"Aug 21, 2017","89.00","92.00","92.00","89.00","11.20K","0.00%"
"Aug 18, 2017","89.00","89.80","93.00","89.00","43.00K","-1.00%"
"Aug 17, 2017","89.90","89.90","89.90","89.90","0.40K","-0.11%"
"Aug 16, 2017","90.00","90.00","90.00","90.00","0.30K","-1.21%"
"Aug 15, 2017","91.10","96.40","96.40","91.10","3.08K","-2.04%"
"Aug 14, 2017","93.00","94.00","94.00","93.00","6.25K","-1.06%"
"Aug 11, 2017","94.00","97.00","97.00","94.00","3.29K","-2.49%"
"Aug 10, 2017","96.40","95.10","96.40","95.00","1.82K","0.00%"
"Aug 09, 2017","96.40","96.00","96.40","96.00","0.93K","0.42%"
"Aug 08, 2017","96.00","96.00","97.00","96.00","0.74K","-1.03%"
"Aug 04, 2017","97.00","98.90","99.00","95.20","3.65K","2.11%"
"Aug 03, 2017","95.00","99.50","99.50","94.00","11.24K","-7.23%"
"Aug 02, 2017","102.40","107.00","107.00","100.00","4.76K","-9.38%"
"Aug 01, 2017","113.00","110.00","113.00","110.00","2.01K","2.26%"
"Jul 31, 2017","110.50","111.00","111.00","110.50","7.61K","-3.07%"
"Jul 28, 2017","114.00","111.00","114.00","111.00","1.02K","0.00%"
"Jul 27, 2017","114.00","111.00","114.00","111.00","2.00K","1.79%"
"Jul 26, 2017","112.00","114.90","116.00","112.00","1.40K","-0.88%"
"Jul 25, 2017","113.00","113.00","115.00","113.00","1.02K","-0.09%"
"Jul 24, 2017","113.10","115.10","115.10","113.10","4.12K","-1.74%"
"Jul 21, 2017","115.10","116.00","116.00","115.10","0.50K","-0.35%"
"Jul 20, 2017","115.50","117.00","117.00","115.50","5.72K","-2.12%"
"Jul 19, 2017","118.00","118.00","119.00","115.00","1.96K","-0.08%"
"Jul 18, 2017","118.10","117.10","125.00","114.00","4.63K","0.85%"
"Jul 17, 2017","117.10","114.10","117.10","113.00","14.13K","1.83%"
"Jul 14, 2017","115.00","117.00","117.00","112.10","0.42K","2.95%"
"Jul 13, 2017","111.70","117.00","117.00","111.40","21.85K","-0.53%"
"Jul 12, 2017","112.30","117.00","117.00","112.30","2.80K","-2.35%"
"Jul 11, 2017","115.00","118.00","118.00","112.00","8.34K","-2.54%"
"Jul 10, 2017","118.00","109.00","120.00","109.00","22.40K","8.76%"
"Jul 07, 2017","108.50","108.00","108.50","108.00","4.79K","1.88%"
"Jul 06, 2017","106.50","108.50","108.50","106.50","3.32K","-1.84%"
"Jul 05, 2017","108.50","106.00","108.50","106.00","51.21K","3.24%"
"Jul 04, 2017","105.10","108.00","108.00","105.10","6.47K","-2.69%"
"Jul 03, 2017","108.00","107.90","108.00","107.50","2.81K","-0.46%"
"Jun 30, 2017","108.50","108.50","108.50","108.50","0.34K","3.33%"
"Jun 29, 2017","105.00","105.10","108.50","105.00","23.82K","-3.67%"
"Jun 28, 2017","109.00","108.90","109.00","108.90","0.07K","3.71%"
"Jun 27, 2017","105.10","109.00","109.00","105.10","0.02K","0.10%"
"Jun 23, 2017","105.00","108.90","109.00","105.00","13.14K","-3.67%"
"Jun 22, 2017","109.00","108.80","109.00","105.60","0.32K","2.83%"
"Jun 21, 2017","106.00","105.00","106.00","104.80","12.97K","0.95%"
"Jun 20, 2017","105.00","106.00","106.00","105.00","2.22K","0.96%"
"Jun 19, 2017","104.00","103.00","106.00","103.00","3.07K","0.00%"
"Jun 16, 2017","104.00","102.20","104.90","102.00","9.11K","-1.42%"
"Jun 15, 2017","105.50","101.90","107.00","101.90","13.27K","5.50%"
"Jun 14, 2017","100.00","100.00","101.90","100.00","12.07K","0.20%"
"Jun 13, 2017","99.80","99.80","100.00","99.80","5.52K","-0.20%"
"Jun 12, 2017","100.00","101.00","101.00","99.50","6.41K","0.00%"
"Jun 09, 2017","100.00","99.00","100.00","98.50","35.25K","2.04%"
"Jun 07, 2017","98.00","97.20","98.00","97.00","32.41K","2.08%"
"Jun 06, 2017","96.00","98.00","98.00","96.00","16.81K","-4.00%"
"Jun 05, 2017","100.00","95.00","100.00","95.00","6.61K","5.26%"
"Jun 02, 2017","95.00","94.00","95.90","94.00","3.85K","-0.84%"
"Jun 01, 2017","95.80","95.00","95.80","95.00","5.57K","0.00%"
"May 31, 2017","95.80","95.90","95.90","95.00","4.91K","0.84%"
"May 30, 2017","95.00","97.90","97.90","95.00","28.89K","-1.04%"
"May 29, 2017","96.00","97.00","97.00","96.00","6.04K","-1.74%"
"May 26, 2017","97.70","98.00","98.00","97.00","4.59K","0.21%"
"May 25, 2017","97.50","98.50","99.60","97.50","19.77K","-0.91%"
"May 24, 2017","98.40","97.30","99.90","97.00","7.27K","-0.51%"
"May 23, 2017","98.90","99.80","100.00","97.00","2.37K","1.96%"
"May 22, 2017","97.00","99.00","99.00","96.10","10.52K","-2.02%"
"May 19, 2017","99.00","95.90","102.00","95.90","94.23K","3.23%"
"May 18, 2017","95.90","97.00","99.80","94.50","71.02K","4.24%"
"May 17, 2017","92.00","90.10","94.80","90.10","4.79K","1.10%"
"May 16, 2017","91.00","92.00","94.00","90.10","22.19K","1.11%"
"May 15, 2017","90.00","86.00","90.00","84.10","30.10K","4.65%"
"May 12, 2017","86.00","86.00","86.00","83.20","0.51K","-2.27%"
"May 08, 2017","88.00","84.00","88.00","84.00","0.02K","4.76%"
"May 05, 2017","84.00","83.50","84.00","83.50","4.40K","0.00%"
"May 04, 2017","84.00","84.00","84.00","84.00","1.80K","0.00%"
"May 03, 2017","84.00","84.50","84.50","81.50","0.77K","-0.59%"
"May 02, 2017","84.50","84.50","85.00","81.00","5.66K","1.81%"
"Apr 28, 2017","83.00","83.00","83.00","83.00","3.85K","-2.35%"
"Apr 27, 2017","85.00","81.00","85.00","80.90","17.20K","3.66%"
"Apr 26, 2017","82.00","80.00","82.00","80.00","0.58K","2.50%"
"Apr 24, 2017","80.00","78.10","80.00","78.00","2.20K","-1.23%"
"Apr 21, 2017","81.00","82.00","82.00","80.00","5.15K","1.25%"
"Apr 20, 2017","80.00","82.00","82.00","79.00","2.61K","0.00%"
"Apr 19, 2017","80.00","80.00","82.00","80.00","2.51K","-4.76%"
"Apr 18, 2017","84.00","84.00","84.00","84.00","0.01K","2.44%"
"Apr 17, 2017","82.00","84.00","84.00","80.00","1.01K","-2.38%"
"Apr 12, 2017","84.00","81.00","84.00","81.00","0.31K","0.24%"
"Apr 11, 2017","83.80","78.00","85.00","78.00","0.42K","7.44%"
"Apr 07, 2017","78.00","78.00","78.00","76.00","7.06K","0.00%"
"Apr 06, 2017","78.00","78.00","78.00","78.00","1.64K","0.00%"
"Apr 05, 2017","78.00","76.00","78.00","76.00","6.50K","-2.50%"
"Apr 03, 2017","80.00","75.10","80.00","75.10","0.40K","3.76%"
"Mar 31, 2017","77.10","77.10","77.10","77.10","0.00K","2.53%"
"Mar 29, 2017","75.20","75.20","75.20","75.20","0.00K","-1.05%"
"Mar 28, 2017","76.00","76.10","77.20","76.00","7.79K","-5.00%"
"Mar 27, 2017","80.00","80.00","80.00","80.00","0.00K","-5.88%"
"Mar 23, 2017","85.00","85.00","85.00","85.00","0.00K","8.97%"
"Mar 22, 2017","78.00","76.00","78.00","76.00","4.17K","2.63%"
"Mar 21, 2017","76.00","76.10","76.10","76.00","0.01K","-11.63%"
"Mar 20, 2017","86.00","77.50","86.00","77.50","0.53K","10.40%"
"Mar 17, 2017","77.90","86.90","86.90","77.80","0.38K","1.17%"
"Mar 16, 2017","77.00","77.60","77.60","77.00","11.32K","-1.28%"
"Mar 15, 2017","78.00","78.90","87.00","77.60","27.84K","0.00%"
"Mar 14, 2017","78.00","78.00","78.00","78.00","30.56K","0.00%"
"Mar 13, 2017","78.00","78.00","78.00","78.00","10.29K","0.00%"
"Mar 10, 2017","78.00","78.00","78.00","78.00","7.50K","0.00%"
"Mar 09, 2017","78.00","78.00","78.00","78.00","7.72K","-4.18%"
"Mar 07, 2017","81.40","81.40","81.40","81.40","0.00K","4.36%"
"Mar 06, 2017","78.00","81.30","81.30","78.00","0.28K","-2.50%"
"Mar 03, 2017","80.00","79.80","81.50","79.80","0.10K","1.27%"
"Feb 28, 2017","79.00","76.10","79.00","76.10","110.95K","1.41%"
"Feb 23, 2017","77.90","76.10","78.00","76.10","0.02K","-0.13%"
"Feb 22, 2017","78.00","76.20","78.00","76.10","6.19K","0.00%"
"Feb 21, 2017","78.00","76.50","78.00","76.00","3.35K","-1.14%"
"Feb 17, 2017","78.90","76.50","78.90","76.50","0.28K","-0.13%"
"Feb 16, 2017","79.00","79.00","79.00","79.00","0.00K","0.00%"
"Feb 15, 2017","79.00","79.00","79.00","79.00","0.00K","0.00%"
"Feb 14, 2017","79.00","75.00","79.00","75.00","0.13K","-0.38%"
"Feb 13, 2017","79.30","79.30","79.30","79.30","0.00K","5.59%"
"Feb 09, 2017","75.10","75.10","75.10","75.10","0.00K","1.35%"
"Feb 07, 2017","74.10","76.00","77.00","74.10","0.15K","-0.13%"
"Feb 06, 2017","74.20","76.00","76.00","74.20","2.05K","0.27%"
"Feb 03, 2017","74.00","74.00","74.00","74.00","0.14K","-7.38%"
"Feb 02, 2017","79.90","77.70","79.90","77.00","14.04K","2.44%"
"Feb 01, 2017","78.00","79.90","79.90","78.00","4.37K","1.30%"
"Jan 31, 2017","77.00","80.00","80.00","77.00","10.06K","-3.75%"
"Jan 30, 2017","80.00","77.00","82.00","77.00","4.40K","3.90%"
"Jan 27, 2017","77.00","77.00","77.00","77.00","0.10K","1.32%"
"Jan 26, 2017","76.00","78.00","78.00","76.00","1.21K","0.00%"
"Jan 25, 2017","76.00","76.00","76.00","76.00","5.62K","0.00%"
"Jan 24, 2017","76.00","78.00","78.00","76.00","2.33K","-3.18%"
"Jan 23, 2017","78.50","80.00","80.00","76.00","2.41K","-1.88%"
"Jan 17, 2017","80.00","80.00","80.00","80.00","0.00K","1.91%"
"Jan 16, 2017","78.50","79.00","79.00","78.50","2.80K","-0.63%"
"Jan 13, 2017","79.00","78.50","79.90","78.50","7.76K","-1.13%"
"Jan 11, 2017","79.90","79.50","79.90","79.50","0.00K","1.14%"
"Jan 09, 2017","79.00","79.90","79.90","78.60","1.30K","-1.25%"
"Jan 06, 2017","80.00","78.50","80.00","78.00","0.53K","0.00%"
"Jan 05, 2017","80.00","80.00","80.00","80.00","1.21K","-4.76%"
"Jan 04, 2017","84.00","84.00","84.00","84.00","0.00K","0.00%"
"Jan 03, 2017","84.00","84.90","84.90","84.00","0.00K","5.00%"
"Jan 02, 2017","80.00","81.60","85.00","80.00","7.86K","-7.83%"
"Dec 30, 2016","86.80","85.90","86.90","85.90","0.14K","-0.12%"
"Dec 29, 2016","86.90","86.90","86.90","86.90","0.00K","8.49%"
"Dec 27, 2016","80.10","80.10","80.10","80.10","0.00K","0.00%"
"Dec 22, 2016","80.10","80.10","80.10","80.10","0.02K","0.00%"
"Dec 21, 2016","80.10","80.10","80.10","80.10","0.12K","-0.12%"
"Dec 20, 2016","80.20","80.00","80.20","80.00","0.26K","0.25%"
"Dec 19, 2016","80.00","80.00","80.00","80.00","0.48K","-1.11%"
"Dec 14, 2016","80.90","80.90","80.90","80.90","0.00K","1.13%"
"Dec 09, 2016","80.00","80.00","80.00","78.30","8.77K","0.00%"
"Dec 08, 2016","80.00","80.00","80.00","76.00","4.32K","2.30%"
"Dec 06, 2016","78.20","80.00","80.00","78.20","0.50K","-2.25%"
"Dec 05, 2016","80.00","77.00","82.40","77.00","5.75K","-1.23%"
"Dec 02, 2016","81.00","77.90","81.00","77.50","2.96K","6.58%"
"Dec 01, 2016","76.00","76.00","77.00","75.00","43.55K","0.13%"
"Nov 30, 2016","75.90","77.50","77.50","75.50","1.52K","-0.78%"
"Nov 29, 2016","76.50","80.00","80.00","76.00","33.62K","-3.16%"
"Nov 28, 2016","79.00","80.00","80.00","79.00","1.32K","-1.37%"
"Nov 25, 2016","80.10","78.10","80.50","78.00","5.52K","0.25%"
"Nov 24, 2016","79.90","80.00","80.00","79.90","2.59K","-2.44%"
"Nov 23, 2016","81.90","78.00","82.00","78.00","1.30K","-0.12%"
"Nov 22, 2016","82.00","78.00","82.00","78.00","0.61K","2.50%"
"Nov 21, 2016","80.00","83.00","83.00","80.00","14.02K","-3.61%"
"Nov 18, 2016","83.00","83.00","83.00","83.00","1.03K","-1.19%"
"Nov 17, 2016","84.00","84.00","84.00","84.00","2.00K","-1.41%"
"Nov 15, 2016","85.20","85.00","85.20","85.00","3.96K","-0.93%"
"Nov 11, 2016","86.00","86.00","86.00","86.00","1.00K","2.38%"
"Nov 10, 2016","84.00","84.00","84.00","84.00","0.02K","-2.33%"
"Nov 09, 2016","86.00","84.00","86.00","84.00","0.40K","0.00%"
"Nov 08, 2016","86.00","86.00","86.00","86.00","1.00K","1.18%"
"Nov 07, 2016","85.00","86.00","86.00","85.00","2.50K","-1.16%"
"Nov 03, 2016","86.00","85.00","88.00","85.00","1.05K","-3.37%"
"Nov 02, 2016","89.00","89.00","89.00","89.00","0.00K","-1.00%"
"Nov 01, 2016","89.90","89.90","89.90","89.90","0.00K","5.64%"
"Oct 31, 2016","85.10","85.20","85.20","85.10","3.59K","-4.49%"
"Oct 27, 2016","89.10","89.10","89.10","89.10","0.00K","4.70%"
"Oct 26, 2016","85.10","85.20","85.20","85.10","3.54K","-5.34%"
"Oct 25, 2016","89.90","89.90","90.00","89.90","1.60K","5.64%"
"Oct 24, 2016","85.10","87.50","87.50","85.10","10.19K","0.00%"
"Oct 21, 2016","85.10","89.10","89.10","85.10","2.00K","0.12%"
"Oct 20, 2016","85.00","85.00","85.00","85.00","0.20K","-1.16%"
"Oct 19, 2016","86.00","86.00","86.20","86.00","4.61K","-1.15%"
"Oct 18, 2016","87.00","87.00","87.00","87.00","0.02K","-2.36%"
"Oct 17, 2016","89.10","88.60","89.10","88.00","12.00K","-0.45%"
"Oct 14, 2016","89.50","89.50","89.50","89.50","1.94K","0.00%"
"Oct 13, 2016","89.50","91.00","91.00","89.50","7.10K","0.00%"
"Oct 12, 2016","89.50","92.00","92.00","89.00","6.86K","-3.76%"
"Oct 11, 2016","93.00","93.00","93.00","93.00","3.00K","-2.11%"
"Oct 07, 2016","95.00","94.90","95.00","93.50","20.24K","1.06%"
"Oct 06, 2016","94.00","92.00","94.00","92.00","10.94K","4.44%"
"Oct 05, 2016","90.00","91.50","92.00","90.00","0.21K","0.00%"
"Oct 04, 2016","90.00","90.00","90.00","90.00","49.71K","0.56%"
"Oct 03, 2016","89.50","89.50","89.50","89.50","6.57K","0.56%"
"Sep 30, 2016","89.00","91.00","91.00","89.00","45.68K","-1.11%"
"Sep 29, 2016","90.00","90.00","90.00","90.00","20.22K","0.00%"
"Sep 28, 2016","90.00","90.00","90.00","89.90","6.00K","0.00%"
"Sep 27, 2016","90.00","90.00","90.50","90.00","6.31K","0.00%"
"Sep 26, 2016","90.00","89.90","90.00","89.90","11.31K","0.11%"
"Sep 23, 2016","89.90","89.00","90.00","89.00","5.90K","-0.11%"
"Sep 22, 2016","90.00","89.00","90.00","89.00","10.50K","2.27%"
"Sep 21, 2016","88.00","85.00","88.00","84.50","56.67K","3.53%"
"Sep 20, 2016","85.00","85.00","85.00","85.00","0.30K","0.00%"
"Sep 19, 2016","85.00","86.10","86.10","85.00","140.79K","0.00%"
"Sep 14, 2016","85.00","89.90","89.90","85.00","10.45K","-4.49%"
"Sep 13, 2016","89.00","89.00","89.00","89.00","1.80K","-1.11%"
"Sep 09, 2016","90.00","90.00","90.00","90.00","1.50K","1.01%"
"Sep 07, 2016","89.10","89.10","89.10","89.10","0.01K","-4.19%"
"Sep 06, 2016","93.00","89.00","93.00","89.00","2.87K","4.49%"
"Sep 05, 2016","89.00","89.10","89.10","89.00","0.78K","-1.11%"
"Sep 02, 2016","90.00","89.00","90.00","89.00","24.80K","0.00%"
"Sep 01, 2016","90.00","90.00","90.00","90.00","2.79K","0.00%"
"Aug 31, 2016","90.00","90.00","90.00","90.00","0.01K","-1.10%"
"Aug 29, 2016","91.00","90.00","91.00","90.00","4.50K","0.11%"
"Aug 24, 2016","90.90","90.00","90.90","90.00","0.73K","0.00%"
"Aug 23, 2016","90.90","90.00","90.90","89.50","35.49K","1.56%"
"Aug 22, 2016","89.50","88.00","91.90","88.00","52.99K","2.87%"
"Aug 19, 2016","87.00","89.00","89.00","87.00","2.00K","-3.33%"
"Aug 16, 2016","90.00","90.30","92.00","90.00","4.37K","-1.10%"
"Aug 15, 2016","91.00","93.00","93.00","91.00","1.44K","-1.09%"
"Aug 12, 2016","92.00","91.90","92.00","90.30","19.14K","0.00%"
"Aug 11, 2016","92.00","92.00","92.00","91.80","53.23K","0.00%"
"Aug 10, 2016","92.00","92.00","92.00","91.00","24.68K","0.00%"
"Aug 09, 2016","92.00","91.00","93.00","87.00","50.64K","-3.66%"
"Aug 08, 2016","95.50","93.10","95.50","93.10","0.01K","0.00%"
"Aug 05, 2016","95.50","93.10","95.50","93.10","0.11K","1.60%"
"Aug 04, 2016","94.00","95.50","95.50","94.00","10.10K","-2.08%"
"Aug 03, 2016","96.00","95.00","97.90","94.00","154.10K","1.05%"
"Aug 02, 2016","95.00","95.00","95.00","95.00","7.84K","0.21%"
"Jul 29, 2016","94.80","94.80","94.80","94.80","30.87K","0.74%"
"Jul 28, 2016","94.10","94.10","94.10","94.10","0.00K","-0.95%"
"Jul 27, 2016","95.00","94.00","95.00","94.00","5.66K","-1.45%"
"Jul 26, 2016","96.40","93.20","96.40","93.20","7.33K","1.47%"
"Jul 25, 2016","95.00","95.00","95.00","95.00","1.12K","1.82%"
"Jul 22, 2016","93.30","95.90","95.90","93.30","1.50K","-0.11%"
"Jul 21, 2016","93.40","94.00","94.00","93.40","0.40K","-2.71%"
"Jul 20, 2016","96.00","95.60","96.50","95.50","1.70K","1.05%"
"Jul 18, 2016","95.00","95.00","95.00","95.00","0.02K","-1.04%"
"Jul 15, 2016","96.00","95.90","96.00","95.90","1.00K","2.02%"
"Jul 14, 2016","94.10","94.10","94.10","94.10","0.04K","0.11%"
"Jul 12, 2016","94.00","95.90","96.00","94.00","5.02K","-1.98%"
"Jul 11, 2016","95.90","95.00","97.00","92.00","1.58K","0.95%"
"Jul 08, 2016","95.00","93.50","95.00","93.50","1.55K","1.06%"
"Jul 05, 2016","94.00","91.00","94.00","91.00","0.61K","0.00%"
"Jul 04, 2016","94.00","92.00","94.00","91.00","1.76K","0.00%"
"Jul 01, 2016","94.00","93.00","94.00","93.00","0.93K","-2.08%"
"Jun 29, 2016","96.00","93.10","96.00","93.00","0.84K","2.13%"
"Jun 28, 2016","94.00","94.00","94.00","94.00","5.05K","-3.59%"
"Jun 27, 2016","97.50","97.50","97.50","97.50","0.02K","3.72%"
"Jun 24, 2016","94.00","95.80","95.80","94.00","8.50K","-3.59%"
"Jun 23, 2016","97.50","95.50","97.50","95.50","0.99K","1.04%"
"Jun 22, 2016","96.50","95.20","96.50","95.20","1.10K","0.52%"
"Jun 21, 2016","96.00","96.00","96.00","96.00","2.12K","-2.93%"
"Jun 20, 2016","98.90","98.90","98.90","98.90","0.01K","2.81%"
"Jun 17, 2016","96.20","96.50","96.50","96.10","2.75K","0.00%"
"Jun 16, 2016","96.20","99.90","100.00","96.20","4.00K","-3.80%"
"Jun 15, 2016","100.00","100.00","100.00","100.00","1.00K","0.10%"
"Jun 14, 2016","99.90","97.30","100.00","97.30","4.98K","0.91%"
"Jun 13, 2016","99.00","99.00","100.00","98.00","5.50K","-1.00%"
"Jun 10, 2016","100.00","97.50","101.00","97.20","80.60K","0.60%"
"Jun 08, 2016","99.40","99.00","99.40","99.00","17.42K","0.40%"
"Jun 07, 2016","99.00","97.10","99.00","97.10","1.11K","2.59%"
"Jun 06, 2016","96.50","99.00","100.00","96.50","8.63K","-2.53%"
"Jun 03, 2016","99.00","98.80","100.00","98.50","37.40K","1.02%"
"Jun 02, 2016","98.00","98.50","99.00","98.00","3.53K","-1.01%"
"Jun 01, 2016","99.00","93.10","99.00","93.00","0.25K","0.00%"
"May 30, 2016","99.00","98.00","99.90","97.00","4.16K","1.02%"
"May 27, 2016","98.00","98.00","98.00","98.00","0.02K","-2.00%"
"May 26, 2016","100.00","100.00","100.00","100.00","0.20K","0.10%"
"May 25, 2016","99.90","98.00","100.00","98.00","1.58K","-0.10%"
"May 24, 2016","100.00","100.00","100.00","99.10","0.65K","0.00%"
"May 20, 2016","100.00","100.00","100.50","99.00","52.68K","0.00%"
"May 19, 2016","100.00","100.00","101.00","100.00","61.79K","0.00%"
"May 18, 2016","100.00","97.90","103.00","97.90","71.28K","2.04%"
"May 17, 2016","98.00","98.00","98.00","98.00","0.08K","-1.90%"
"May 16, 2016","99.90","100.00","100.00","99.90","5.15K","-0.10%"
"May 13, 2016","100.00","95.00","100.00","95.00","3.62K","2.04%"
"May 12, 2016","98.00","98.00","98.00","94.00","13.30K","0.00%"
"May 11, 2016","98.00","94.50","98.00","94.00","2.40K","0.51%"
"May 10, 2016","97.50","97.50","97.50","97.50","0.01K","3.72%"
"May 09, 2016","94.00","99.50","99.50","94.00","14.10K","-4.08%"
"May 06, 2016","98.00","99.00","99.00","98.00","1.00K","-0.91%"
"May 05, 2016","98.90","99.00","99.00","96.00","0.82K","-1.10%"
"May 04, 2016","100.00","99.60","102.00","99.60","10.18K","0.10%"
"May 03, 2016","99.90","96.00","100.00","96.00","23.65K","5.16%"
"Apr 29, 2016","95.00","90.00","95.00","90.00","13.34K","5.56%"
"Apr 28, 2016","90.00","90.00","92.00","90.00","16.95K","0.00%"
"Apr 27, 2016","90.00","88.00","90.00","86.00","4.15K","2.27%"